--
-- Database: `bangkalan_db`
--
CREATE DATABASE IF NOT EXISTS `bangkalan_db` DEFAULT CHARACTER SET latin1 COLLATE latin1_swedish_ci;
USE `bangkalan_db`;

-- --------------------------------------------------------

--
-- Table structure for table `agenda`
--

CREATE TABLE `agenda` (
  `id` int(11) NOT NULL,
  `judul` varchar(12) NOT NULL,
  `isi` text NOT NULL,
  `date_created` int(11) NOT NULL
) ENGINE=InnoDB DEFAULT CHARSET=latin1;

--
-- Dumping data for table `agenda`
--

INSERT INTO `agenda` (`id`, `judul`, `isi`, `date_created`) VALUES
(3, 'qweqeqwe', '<p>qweqweqweqweQQ</p>\r\n', 1566292225),
(4, 'Hari Lahir P', '<p>qqq</p>\r\n', 1566292481);

-- --------------------------------------------------------

--
-- Table structure for table `data_daerah`
--

CREATE TABLE `data_daerah` (
  `id` int(11) NOT NULL,
  `email` varchar(128) NOT NULL,
  `lakilaki` int(11) NOT NULL,
  `perempuan` int(11) NOT NULL,
  `kepala_keluarga` int(11) NOT NULL,
  `sd` int(11) NOT NULL,
  `smp` int(11) NOT NULL,
  `sma` int(11) NOT NULL,
  `akademi` int(11) NOT NULL,
  `sarjana` int(11) NOT NULL
) ENGINE=InnoDB DEFAULT CHARSET=latin1;

--
-- Dumping data for table `data_daerah`
--

INSERT INTO `data_daerah` (`id`, `email`, `lakilaki`, `perempuan`, `kepala_keluarga`, `sd`, `smp`, `sma`, `akademi`, `sarjana`) VALUES
(1, 'tikp2.e24m.nawawi@gmail.com', 10, 50, 421, 123, 12, 123, 123, 123),
(2, 'nawawigaming@gmail.com', 15, 25, 0, 0, 0, 0, 0, 0),
(3, 'setyoawan8@gmail.com', 10, 50, 421, 123, 12, 123, 123, 123),
(4, 'kecamatanbangkalan@gmail.com', 0, 0, 0, 0, 0, 0, 0, 0),
(5, 'kelurahandemangan69115@gmail.com', 0, 0, 0, 0, 0, 0, 0, 0),
(6, 'kelurahanpejagan69112@gmail.com', 0, 0, 0, 0, 0, 0, 0, 0),
(7, 'kelurahanpejagan69112@gmail.com', 0, 0, 0, 0, 0, 0, 0, 0),
(8, 'kelurahankraton69119@gmail.com', 0, 0, 0, 0, 0, 0, 0, 0),
(9, 'kelurahanpangeranan69115@gmail.com', 0, 0, 0, 0, 0, 0, 0, 0),
(10, 'kelurahankemayoran69116@gmail.com', 0, 0, 0, 0, 0, 0, 0, 0),
(11, 'kelurahanmlajah69116@gmail.com', 0, 0, 0, 0, 0, 0, 0, 0),
(12, 'koramilbangkalan@gmail.com', 0, 0, 0, 0, 0, 0, 0, 0),
(13, 'polsekbangkalan@gmail.com', 0, 0, 0, 0, 0, 0, 0, 0);

-- --------------------------------------------------------

--
-- Table structure for table `gallery`
--

CREATE TABLE `gallery` (
  `id` int(11) NOT NULL,
  `file` varchar(128) NOT NULL,
  `date_created` int(11) NOT NULL
) ENGINE=InnoDB DEFAULT CHARSET=latin1;

-- --------------------------------------------------------

--
-- Table structure for table `lakip`
--

CREATE TABLE `lakip` (
  `id` int(11) NOT NULL,
  `file` varchar(128) NOT NULL,
  `date_created` int(11) NOT NULL
) ENGINE=InnoDB DEFAULT CHARSET=latin1;

--
-- Dumping data for table `lakip`
--

INSERT INTO `lakip` (`id`, `file`, `date_created`) VALUES
(1, '1.docx', 1566036106);

-- --------------------------------------------------------

--
-- Table structure for table `login_token`
--

CREATE TABLE `login_token` (
  `id` int(11) NOT NULL,
  `email` varchar(128) NOT NULL,
  `token` varchar(10) NOT NULL,
  `date_created` int(11) NOT NULL
) ENGINE=InnoDB DEFAULT CHARSET=latin1;

--
-- Dumping data for table `login_token`
--

INSERT INTO `login_token` (`id`, `email`, `token`, `date_created`) VALUES
(1, 'tikp2.e24m.nawawi@gmail.com', '/2tR', 1569175989),
(2, 'nawawigaming@gmail.com', 'i4me', 1566570821),
(3, 'kecamatanbangkalan@gmail.com', 'r5JP', 1569177460),
(4, 'kelurahandemangan69115@gmail.com', 'tfFH', 1568954922),
(5, 'kelurahanpejagan69112@gmail.com', '5VrC', 1568551350),
(6, 'kelurahanpejagan69112@gmail.com', 'xCYS', 1568551350),
(7, 'kelurahankraton69119@gmail.com', 'hXKT', 1568551385),
(8, 'kelurahanpangeranan69115@gmail.com', 'FHfh', 1568551442),
(9, 'kelurahankemayoran69116@gmail.com', '+LUk', 1568551708),
(10, 'kelurahanmlajah69116@gmail.com', 'gABC', 1568551761),
(11, 'koramilbangkalan@gmail.com', 'Wij8', 1568917573),
(12, 'polsekbangkalan@gmail.com', 'gqCw', 1568917743);

-- --------------------------------------------------------

--
-- Table structure for table `news`
--

CREATE TABLE `news` (
  `id` int(11) NOT NULL,
  `gambar` varchar(128) NOT NULL,
  `judul` varchar(128) NOT NULL,
  `isi` text NOT NULL,
  `date_created` int(11) NOT NULL
) ENGINE=InnoDB DEFAULT CHARSET=latin1;

--
-- Dumping data for table `news`
--

INSERT INTO `news` (`id`, `gambar`, `judul`, `isi`, `date_created`) VALUES
(4, 'balapanlari.png', 'qweqweQQQ', '<p>qweqweqweQQ</p>\r\n', 1566031418);

-- --------------------------------------------------------

--
-- Table structure for table `peoples`
--

CREATE TABLE `peoples` (
  `id` int(9) UNSIGNED NOT NULL,
  `name` varchar(100) NOT NULL,
  `address` varchar(255) NOT NULL,
  `email` varchar(100) NOT NULL
) ENGINE=InnoDB DEFAULT CHARSET=utf8;

--
-- Dumping data for table `peoples`
--

INSERT INTO `peoples` (`id`, `name`, `address`, `email`) VALUES
(1, 'Armando Ratke', '5407 Beier Street Apt. 566', 'gulgowski.isabelle@example.net'),
(2, 'Jazlyn Bergstrom', '1760 Marisol Stravenue', 'janelle.denesik@example.com'),
(3, 'Annabelle Towne', '8972 Corwin Mews Suite 681', 'yhackett@example.org'),
(4, 'Rogelio Sauer', '7480 Eileen Corners', 'hwalker@example.com'),
(5, 'Jerod Towne', '192 Garrett Well Apt. 415', 'lennie09@example.net'),
(6, 'Jackie Parisian', '29701 Rosalind Bridge', 'pagac.jada@example.com'),
(7, 'Jayden Bins', '19555 Benny Crossroad Apt. 885', 'bgottlieb@example.com'),
(8, 'Joan White Jr.', '88307 Samanta Row', 'leta32@example.net'),
(9, 'Brant Parisian', '0541 Kiehn Village', 'schoen.germaine@example.net'),
(10, 'Katelin Heller', '57764 Wuckert Ports', 'sankunding@example.org'),
(11, 'Prof. Icie Parker IV', '817 Feil Spur Suite 126', 'tomasa90@example.net'),
(12, 'Phyllis Haley PhD', '90817 Kitty Walks', 'lucius.johnson@example.org'),
(13, 'King Reichert', '966 Hildegard Center Apt. 849', 'dibbert.jerel@example.org'),
(14, 'Casimer O\'Connell', '83273 Mosciski Camp Suite 166', 'elsie.vandervort@example.org'),
(15, 'Mr. Lafayette Bernhard', '6953 Okuneva Pines Apt. 105', 'burdette18@example.com'),
(16, 'Merle Crooks', '160 Stefanie Villages', 'johns.abdul@example.org'),
(17, 'Prof. Dale Heller', '46987 Pacocha Highway', 'ofunk@example.net'),
(18, 'Daphney Parker', '96350 Pfeffer Track Suite 440', 'reva.jaskolski@example.org'),
(19, 'Frederick Kutch', '5260 Champlin Estate Apt. 585', 'bcarter@example.net'),
(20, 'Kirsten Hoeger', '8269 Richmond Road Suite 521', 'cmcdermott@example.org'),
(21, 'Fern Carter IV', '820 Schneider Roads Apt. 184', 'kerluke.alexandrine@example.org'),
(22, 'Braxton Kohler MD', '17978 Quentin Road', 'immanuel52@example.org'),
(23, 'Ariel Rodriguez IV', '3662 VonRueden Land Apt. 229', 'julian.cormier@example.com'),
(24, 'Mr. Jamel Reichel DVM', '212 Carter Glens', 'beth.schmidt@example.com'),
(25, 'Jay D\'Amore', '578 Elisa Island', 'laurianne11@example.net'),
(26, 'Caleigh Strosin', '84060 Otha Canyon', 'jesus.ankunding@example.net'),
(27, 'Ron Mayer', '4747 Batz Plain', 'rosemary03@example.com'),
(28, 'Guido Conn', '704 Gulgowski Creek Apt. 620', 'brielle.rutherford@example.org'),
(29, 'Brielle Bosco', '4260 Wiegand Road', 'newell.smith@example.com'),
(30, 'Mylene Gaylord', '6735 Dan Ranch Suite 748', 'deonte74@example.org'),
(31, 'Kole Baumbach', '2284 Hoeger Harbors Apt. 583', 'sylvester60@example.org'),
(32, 'Sophie Bergnaum', '501 Jeremie Trafficway', 'valentin.runolfsson@example.com'),
(33, 'Lia Kertzmann', '90290 Kaelyn Skyway', 'eve.gibson@example.net'),
(34, 'Monserrate Blick', '48741 Jannie Springs Apt. 120', 'lura.yost@example.com'),
(35, 'Lester Anderson', '6080 Eileen Ferry Apt. 780', 'qcrona@example.com'),
(36, 'Prof. Al Turner IV', '94232 Myriam Rapid Apt. 517', 'stephany.little@example.org'),
(37, 'Teagan Strosin', '9124 Dickens Locks', 'axel.eichmann@example.net'),
(38, 'Mazie Turcotte', '281 Bonita Tunnel Apt. 779', 'beatty.terence@example.com'),
(39, 'Miss Katharina Powlowski', '126 Lourdes Estates Suite 138', 'marvin.maritza@example.com'),
(40, 'Mr. Marcelo Wintheiser', '6263 Kemmer Burgs', 'qcollier@example.net'),
(41, 'Prof. Sedrick Miller', '02203 Gerhold Course Suite 699', 'germaine72@example.org'),
(42, 'Randall Schiller', '0548 Remington Ville Apt. 083', 'madisen.halvorson@example.net'),
(43, 'Elisabeth Harvey', '985 Nora Bypass', 'julianne.pollich@example.org'),
(44, 'Mr. Braeden O\'Hara', '414 Kemmer Ville Apt. 068', 'ruth.bahringer@example.org'),
(45, 'Mrs. Keely Wyman', '66053 Albert Common Apt. 042', 'wdubuque@example.net'),
(46, 'Wilhelm D\'Amore', '45588 Kitty Circle', 'brendon.heidenreich@example.org'),
(47, 'Anika Windler', '7953 Marcus Stream', 'xkonopelski@example.net'),
(48, 'Brock Mayert', '067 Rath Island', 'devonte98@example.net'),
(49, 'Ray Moen', '912 Jeff Tunnel Suite 168', 'gilbert09@example.org'),
(50, 'Vickie Krajcik', '88090 Lottie Plaza', 'kevin.okuneva@example.com'),
(51, 'Ms. Hildegard Witting', '7438 Howell Ramp', 'chyna08@example.org'),
(52, 'Mr. Lesley Gottlieb', '789 Letha Knoll', 'rogahn.rashawn@example.com'),
(53, 'Cheyenne Cartwright', '883 Grant Harbors Apt. 283', 'armstrong.zella@example.com'),
(54, 'Mrs. Samantha Shanahan', '29103 Jany Points Suite 462', 'emely.wintheiser@example.com'),
(55, 'Miss Cassandra Brekke', '22151 Kunze Roads', 'smitham.clara@example.net'),
(56, 'Maddison Kilback', '3399 Ryder Land', 'garrison.harvey@example.com'),
(57, 'Elenor Walter I', '296 Shields Shores', 'blick.ophelia@example.org'),
(58, 'Deshawn Douglas', '852 Jovani Skyway', 'hettie.jacobs@example.net'),
(59, 'Rosemarie Breitenberg Sr.', '7634 Orville Inlet', 'brain67@example.com'),
(60, 'Prof. Torrance Blanda II', '5968 Grimes Roads', 'kirk53@example.net'),
(61, 'Maureen Fay', '19959 Hessel Summit Apt. 671', 'lynn.emard@example.com'),
(62, 'Gregg Rolfson', '493 Juliana Isle', 'ryleigh.hilll@example.net'),
(63, 'Prof. Jerod Jenkins V', '2168 Greenholt Plains Suite 493', 'jovani.bayer@example.org'),
(64, 'Nils Ankunding', '6340 Rubye Squares Suite 646', 'florian72@example.com'),
(65, 'Raoul Steuber', '803 Martin Summit', 'brian15@example.com'),
(66, 'Lulu Armstrong', '928 Elian River', 'wroberts@example.com'),
(67, 'Jolie Anderson III', '2590 Wellington Port Apt. 782', 'guy.connelly@example.com'),
(68, 'Prof. Wilma Bernier', '163 Lockman Avenue Apt. 920', 'richie29@example.com'),
(69, 'Ansley Abernathy', '60653 Ziemann Underpass', 'anissa.braun@example.net'),
(70, 'Abelardo Stracke I', '327 Estel Fork', 'stiedemann.derrick@example.net'),
(71, 'Jose Jenkins Jr.', '121 Hane Key Apt. 295', 'issac11@example.org'),
(72, 'Prof. Wallace Cronin', '08410 Keeling Fords', 'iliana39@example.com'),
(73, 'Isabel Runolfsdottir', '620 Watsica Turnpike Suite 081', 'hagenes.johan@example.com'),
(74, 'Elinor Berge III', '668 Lang Stream Suite 147', 'sawayn.ben@example.org'),
(75, 'Sydnie Rempel', '7362 Enid Club', 'faye.daugherty@example.com'),
(76, 'Paul Bruen', '256 Skiles Harbor Suite 096', 'norberto25@example.net'),
(77, 'Santino D\'Amore', '8863 Johns Neck Apt. 245', 'hamill.ariane@example.com'),
(78, 'Mrs. Therese Zemlak', '6398 Bette Summit', 'trace85@example.com'),
(79, 'Andreane Wunsch', '334 Adeline Pike Apt. 861', 'erdman.kristy@example.org'),
(80, 'Odessa Wisozk', '874 Erling Plaza Apt. 494', 'rheaney@example.org'),
(81, 'Mr. Desmond Grady', '507 Donald Crescent', 'rosalinda.ernser@example.net'),
(82, 'Wallace Kerluke Jr.', '8736 Hauck Ville', 'ova.farrell@example.net'),
(83, 'Lenore Little', '5633 Lesch Key', 'bashirian.hipolito@example.net'),
(84, 'Chester Frami', '748 Markus Trail Apt. 152', 'pagac.therese@example.net'),
(85, 'Dr. Forrest Keeling DVM', '756 Rice Shores', 'lebsack.kariane@example.org'),
(86, 'Eladio McCullough', '29270 Lorine Drives', 'jettie.hane@example.com'),
(87, 'Dr. Tatum Bogan', '96552 Roberts Ville Apt. 915', 'tamia34@example.com'),
(88, 'Dolores Blanda II', '876 Axel Plains', 'olaf22@example.com'),
(89, 'Mrs. Flossie Barrows', '95481 Herbert Drives', 'maymie84@example.net'),
(90, 'Lilian Gleason', '0715 Glen Pike Suite 018', 'robert.adams@example.com'),
(91, 'Prof. Tatum Paucek V', '3939 Alvena Track', 'ludwig.moore@example.com'),
(92, 'Dr. Bryon Larkin', '85636 Senger Road', 'umacejkovic@example.org'),
(93, 'Chaz Erdman', '2293 Zoie Point', 'danielle11@example.net'),
(94, 'Prof. Julien Mosciski III', '295 Keeling Summit Suite 216', 'hobart.o\'kon@example.com'),
(95, 'Damaris Jacobson', '4605 Jacques Burg', 'garnet.hermiston@example.org'),
(96, 'Clifton Runolfsson', '668 Schamberger Port Suite 955', 'claire.emmerich@example.com'),
(97, 'Luigi Fay', '112 Doyle Turnpike', 'lexi08@example.com'),
(98, 'Foster Cole', '486 Emard Street', 'schamberger.rebekah@example.net'),
(99, 'Lelah Farrell', '63278 Turner Square Apt. 721', 'fadel.meagan@example.org'),
(100, 'Izabella Schmidt', '5160 Sarai Terrace Apt. 153', 'torphy.boris@example.com'),
(101, 'Julius Hegmann', '90932 Brendon Common Apt. 301', 'tamia.mosciski@example.com'),
(102, 'Javier Adams', '539 Alanis Mission', 'ybrakus@example.net'),
(103, 'Selena Mosciski', '72192 Carroll Station Apt. 810', 'hkertzmann@example.net'),
(104, 'Elizabeth Greenfelder', '02034 Kovacek Haven', 'adalberto73@example.com'),
(105, 'Prof. Elton Thompson', '1396 Bednar Square Apt. 651', 'mariano.dietrich@example.com'),
(106, 'Alexandrine Mayer', '451 Ursula Ridges Apt. 969', 'gfahey@example.net'),
(107, 'Aniyah Schoen', '687 Roosevelt Mill', 'jshields@example.org'),
(108, 'Aron Lehner', '588 Connelly Crossing Apt. 852', 'earline.christiansen@example.com'),
(109, 'Prof. Travon Gislason', '1751 Ernestina Brook Suite 200', 'trau@example.net'),
(110, 'Steve Williamson', '61286 Smith Grove', 'julia28@example.org'),
(111, 'Shawna Stroman V', '2583 Kunde Squares Suite 962', 'courtney56@example.net'),
(112, 'Marielle Erdman IV', '742 Hessel Villages Apt. 025', 'darius29@example.org'),
(113, 'Theresa Bins', '71550 Pink Crossroad', 'stella.gleichner@example.org'),
(114, 'Gavin Simonis', '14146 Walker Station Suite 268', 'kenyatta.gorczany@example.com'),
(115, 'Brittany Schmeler', '52759 Avery Forges', 'idaugherty@example.net'),
(116, 'Mr. Uriah Rau V', '0506 Spinka Lodge', 'ndare@example.com'),
(117, 'Mrs. Verna Upton Sr.', '47413 Asha Square', 'kkautzer@example.net'),
(118, 'Dr. Marge Nicolas', '87847 Chelsey Rapid', 'praynor@example.com'),
(119, 'Myrl Jacobson', '9032 Jaime Rest', 'estella.okuneva@example.org'),
(120, 'Timmy Willms', '66201 Bernadette Meadow', 'ekertzmann@example.com'),
(121, 'Gerhard Schaefer', '46101 McGlynn Unions Suite 745', 'naufderhar@example.org'),
(122, 'Dahlia Davis', '0592 Hermiston Path Apt. 372', 'isom31@example.org'),
(123, 'Dr. Baron Lemke MD', '27007 Predovic Forks Apt. 408', 'gene73@example.com'),
(124, 'Dr. Gabrielle Schroeder', '364 Kenna Roads', 'effertz.chyna@example.org'),
(125, 'Dorian Veum', '4125 Kenton Mall', 'streich.dan@example.com'),
(126, 'Price Daugherty', '2145 Towne Forge', 'mbatz@example.com'),
(127, 'Tamia Hegmann', '973 Geraldine Roads', 'akirlin@example.net'),
(128, 'Maybell Ferry', '11643 Terry Rapid', 'hortense29@example.org'),
(129, 'Ashley Zieme', '8044 Estefania Throughway', 'michaela.swift@example.org'),
(130, 'Imogene Spinka', '374 Beverly Dale Suite 803', 'veda17@example.net'),
(131, 'Arthur Labadie', '6062 Hirthe Via', 'yfadel@example.org'),
(132, 'Miss Mariane Adams DDS', '1155 Considine Passage', 'heaney.jaquan@example.org'),
(133, 'Kevin Auer', '12349 Bins Mews', 'cartwright.john@example.net'),
(134, 'Joana Kris', '0696 Angie Drives', 'lucinda33@example.net'),
(135, 'Dr. Jon Jerde', '617 Gaylord Manors', 'bogisich.antwan@example.net'),
(136, 'Alexandrine Metz', '4012 Saige Mountain Suite 930', 'pluettgen@example.org'),
(137, 'Dr. Ubaldo Hermann PhD', '79378 Stanton Crossing', 'jortiz@example.org'),
(138, 'Ms. Shaniya Heller III', '6318 Brock Mountains', 'eden52@example.org'),
(139, 'Noah Rippin', '14535 Marlin Shore Suite 629', 'abernathy.marcella@example.org'),
(140, 'Julie Schmeler PhD', '6794 Connelly Neck Suite 910', 'prohaska.heath@example.net'),
(141, 'Derek Kiehn', '447 Mathias Highway', 'deonte25@example.com'),
(142, 'Prof. German Heaney III', '3841 Carroll Branch Apt. 524', 'lelah39@example.net'),
(143, 'Lois Schneider', '27401 Raheem Club Apt. 940', 'xschuster@example.org'),
(144, 'Daryl Lesch', '073 VonRueden Cove', 'jerrold.lemke@example.net'),
(145, 'Jabari Robel PhD', '7351 Bridgette Alley Apt. 770', 'macejkovic.eleazar@example.com'),
(146, 'Emanuel Kreiger', '281 Ada Throughway', 'eryan@example.net'),
(147, 'Isaiah Harber', '9565 Ila Cliffs', 'mariana.wisoky@example.org'),
(148, 'Kenna Crist', '95972 Wisoky Unions Apt. 394', 'kub.jaunita@example.com'),
(149, 'Jazmyne Donnelly', '67248 Greenfelder Land Suite 434', 'diamond03@example.org'),
(150, 'Demario McGlynn IV', '5652 Johnston Expressway', 'volkman.hadley@example.com'),
(151, 'Mrs. Rhoda Blanda', '889 Purdy Plains', 'steve68@example.net'),
(152, 'Willa Mayert', '15317 Tremblay Burg', 'kris.cruz@example.org'),
(153, 'Ida Pfeffer', '227 Berge Canyon', 'bettie81@example.org'),
(154, 'Prof. Caterina Hoppe', '929 Devante Orchard', 'turcotte.mauricio@example.org'),
(155, 'Aric Marks MD', '217 Schultz Wall', 'hyatt.oleta@example.net'),
(156, 'Emory McKenzie', '070 Wyatt Islands', 'edyth.kohler@example.org'),
(157, 'Domenick Reichert', '2658 Fadel Overpass', 'rkling@example.org'),
(158, 'Tavares Skiles', '68316 Ladarius Junction Apt. 619', 'brielle36@example.com'),
(159, 'Jerrod Leannon V', '13506 River Meadows', 'ogleichner@example.com'),
(160, 'Mr. Kennith Beahan', '33017 Reinger Inlet', 'jena55@example.com'),
(161, 'Dr. Regan Bogisich', '3303 Christiansen Meadow', 'kelley.kautzer@example.org'),
(162, 'Emanuel Gerlach I', '45066 Mertie Rest', 'stark.courtney@example.net'),
(163, 'Maximo Shanahan', '5296 Weber Wall', 'dkassulke@example.net'),
(164, 'Katrine Rowe', '648 Collin Viaduct', 'rmarquardt@example.com'),
(165, 'Marilou Lakin', '6702 Shannon Square Apt. 893', 'niko14@example.com'),
(166, 'Waldo Conn', '50495 Nelson Trail', 'rahsaan.rempel@example.org'),
(167, 'Leonel Sawayn', '54912 Georgiana Corners Apt. 791', 'trystan.effertz@example.net'),
(168, 'Skye Lindgren IV', '940 Smith Causeway', 'tsimonis@example.com'),
(169, 'Mr. Blake Hermann IV', '58700 Roberts Dale', 'albertha43@example.org'),
(170, 'Miss Hosea Becker III', '0720 Ortiz Creek Suite 977', 'jeromy11@example.com'),
(171, 'Boyd Walker', '7152 Reagan Inlet', 'brown.lucy@example.net'),
(172, 'Lora Paucek', '718 Micah Meadows Apt. 206', 'preinger@example.org'),
(173, 'Dr. Daisy Pouros', '517 Tamia Rue Apt. 125', 'ezequiel01@example.org'),
(174, 'Colt Leuschke', '902 Hettinger Stravenue Suite 922', 'eloisa.kiehn@example.com'),
(175, 'Verla Ledner', '942 Walker Mills Suite 898', 'laura34@example.com'),
(176, 'Chad Reichel', '5918 Chase Terrace Suite 900', 'guadalupe.d\'amore@example.com'),
(177, 'Mr. Kole Toy', '15059 Pacocha Union Apt. 487', 'daniel.stewart@example.org'),
(178, 'Santa Jacobson', '95507 Rahul Harbor Suite 005', 'smohr@example.org'),
(179, 'Jaleel Lindgren', '294 Crona Meadow Suite 759', 'rippin.elliot@example.org'),
(180, 'Clotilde Kuvalis', '3608 Grant Oval Suite 223', 'rdietrich@example.com'),
(181, 'Emie Simonis', '8835 Brandy Landing', 'melody52@example.org'),
(182, 'Burdette Berge Jr.', '6435 Jed Pine', 'caden.jacobson@example.net'),
(183, 'Dr. Brady Zboncak', '8424 Corkery Ports', 'shields.jonas@example.com'),
(184, 'Lillian Gerhold', '9016 Kirlin Valleys Suite 474', 'rylee.beahan@example.net'),
(185, 'Lavon Nikolaus', '5035 Iva Oval Apt. 538', 'kavon.towne@example.com'),
(186, 'Kiel Boehm', '3764 Gorczany Freeway', 'kwitting@example.org'),
(187, 'Elise Nikolaus', '67809 Adrain Fork Suite 091', 'alf81@example.org'),
(188, 'Hallie Hagenes', '4674 Lueilwitz Mount', 'marie57@example.net'),
(189, 'Garrick Wiegand', '411 Williamson Rapid Apt. 591', 'do\'kon@example.com'),
(190, 'Sadye Rosenbaum', '9551 Lang Isle', 'tierra97@example.com'),
(191, 'Torey Hermiston Jr.', '8455 Pouros Forks Apt. 566', 'schmitt.jarret@example.net'),
(192, 'Elliott Welch', '5940 McDermott Pass Suite 184', 'btreutel@example.net'),
(193, 'Jovan Stark', '04235 Marquardt Ridges Suite 883', 'moen.skylar@example.org'),
(194, 'Dave Fisher', '129 Marcelina Run Suite 820', 'brennon.kemmer@example.com'),
(195, 'Chad Lakin', '924 Wuckert Port', 'raegan76@example.com'),
(196, 'Stephon Dare', '289 Dietrich Mission Apt. 566', 'weissnat.tony@example.net'),
(197, 'Dr. Davon Mohr III', '16183 Louisa Parks Suite 327', 'xdietrich@example.net'),
(198, 'Brandyn Satterfield', '241 Mayert Green Suite 829', 'bahringer.maryam@example.com'),
(199, 'Avery Stamm', '500 Casper Hill Suite 648', 'hconnelly@example.org'),
(200, 'Prof. Sydnie DuBuque III', '54525 Annetta Heights', 'newell88@example.com'),
(201, 'Eulalia Ortiz I', '6403 Breana Viaduct Suite 441', 'doris.doyle@example.org'),
(202, 'Arlene Hoppe', '0633 Hagenes Valley Suite 874', 'elian.lynch@example.net'),
(203, 'Dr. Rosalia Bruen', '607 Tyler Underpass Suite 694', 'ankunding.malachi@example.com'),
(204, 'Mr. Bradley Hand', '343 Lelah Isle', 'obednar@example.com'),
(205, 'Dr. Joesph Osinski', '44049 Alford Meadow Suite 221', 'watsica.maximo@example.org'),
(206, 'Will Waters V', '8018 Emilie Wall Apt. 218', 'gloria.bergstrom@example.net'),
(207, 'Dr. Bernie Johns III', '723 Farrell Roads Apt. 649', 'webster97@example.org'),
(208, 'Muriel Streich', '07694 Rolfson Well', 'donnelly.bessie@example.org'),
(209, 'Mrs. Lora O\'Keefe Jr.', '82249 Jared Trail Apt. 325', 'leora36@example.net'),
(210, 'Ms. Zola Bayer', '03007 Eulalia Creek', 'lenore63@example.net'),
(211, 'Alvah O\'Conner', '3926 Conn Brooks', 'tstracke@example.net'),
(212, 'Ms. Macy Becker', '594 Myrtle Brook Apt. 789', 'joy.konopelski@example.com'),
(213, 'Toy Nicolas', '69812 Sigrid Corner', 'tschmeler@example.com'),
(214, 'Ms. Angelina Gerhold', '103 Gutkowski Coves Suite 754', 'danika.aufderhar@example.net'),
(215, 'Madelyn Halvorson', '958 Hilpert Tunnel Suite 550', 'ppacocha@example.org'),
(216, 'Humberto Lemke', '9124 Orrin Park', 'hstreich@example.org'),
(217, 'Miss Celia Hermann', '4446 Champlin Shore Suite 988', 'alexie72@example.net'),
(218, 'Emily Runolfsson I', '143 Leslie Roads Apt. 569', 'mckenzie.fredrick@example.net'),
(219, 'Ara Parisian', '23653 Bosco Parkways Apt. 026', 'rashad.feeney@example.net'),
(220, 'Shaniya Miller', '886 Gina Mill', 'dwalter@example.org'),
(221, 'Raegan Crona', '2517 Rubye Knolls Suite 980', 'bryana.lemke@example.org'),
(222, 'Merritt Kessler', '5956 Schmeler Loaf', 'mosciski.tiara@example.net'),
(223, 'Timmothy Bradtke', '18710 Stark Hills Apt. 154', 'hunter.lemke@example.net'),
(224, 'Edison Reichert', '31127 Archibald Keys Apt. 163', 'paucek.onie@example.org'),
(225, 'Marilou Hettinger', '3909 Rodrigo Lodge Suite 756', 'kbechtelar@example.org'),
(226, 'Prof. Henri Quitzon II', '289 Lowe Expressway Suite 476', 'carroll.nora@example.org'),
(227, 'Tyler Douglas', '515 Jerome Pike Suite 089', 'vinnie77@example.org'),
(228, 'Prof. Kaleigh D\'Amore I', '061 Javon Station Apt. 139', 'norma.osinski@example.com'),
(229, 'Wyatt Pagac', '981 Fritsch Tunnel', 'leif.luettgen@example.org'),
(230, 'Norberto Kilback', '562 Schulist Ridges Suite 927', 'sgrady@example.net'),
(231, 'Katarina Ondricka', '064 Sauer Plains Apt. 527', 'elenor41@example.net'),
(232, 'Miss Yessenia Fay I', '9538 Durgan Mountains', 'cyrus41@example.net'),
(233, 'Clementina Turner', '97680 Luettgen Plaza Suite 840', 'fgleichner@example.org'),
(234, 'Jean McClure', '416 Nitzsche Shoals Suite 097', 'declan96@example.net'),
(235, 'Maia Parker', '36416 Adriana Keys', 'pweber@example.com'),
(236, 'Angus Witting DDS', '0536 Bednar Loaf', 'matilda25@example.org'),
(237, 'Claude Davis', '103 Zboncak Fork', 'narciso.hyatt@example.com'),
(238, 'Darron Bartell', '6317 Kilback Highway Suite 799', 'thelma.bartoletti@example.org'),
(239, 'Alysha Berge', '614 McGlynn Dam', 'kale80@example.org'),
(240, 'Yoshiko Lang', '599 Welch Overpass Suite 616', 'buster.franecki@example.net'),
(241, 'Jena Feest III', '83470 White Ways', 'boyer.germaine@example.org'),
(242, 'Colby Gerhold', '4425 Crona Glens', 'chandler98@example.com'),
(243, 'Chelsie Tillman', '47347 Mitchel Causeway Suite 118', 'reichel.shemar@example.net'),
(244, 'Ms. Abbie Ward', '3774 Fritsch Drives Suite 480', 'salvador.rutherford@example.org'),
(245, 'Anais Berge', '51910 Dasia Lights Suite 385', 'julien.legros@example.org'),
(246, 'Mr. Connor Lesch MD', '856 Stamm Harbor', 'burdette99@example.com'),
(247, 'Litzy Schmidt', '006 Mozell Fall Apt. 639', 'fay.brendon@example.org'),
(248, 'Felton Daugherty', '1614 Schaefer Drives', 'cstracke@example.org'),
(249, 'Tessie Ortiz', '74634 Monique Orchard Suite 006', 'fausto.christiansen@example.net'),
(250, 'Chauncey Kutch', '8626 McDermott Mews', 'purdy.august@example.net'),
(251, 'Gerard Mraz', '913 Ankunding Station', 'akilback@example.com'),
(252, 'Heath Kub', '31742 Flatley Streets', 'jaime.metz@example.net'),
(253, 'Melisa Hirthe', '4954 Naomie Path Suite 716', 'coy.stracke@example.net'),
(254, 'Alisa Frami II', '095 Shea Knoll Apt. 014', 'dbarton@example.org'),
(255, 'Randy Gerlach', '71558 Volkman Square Apt. 023', 'stevie55@example.com'),
(256, 'Prof. Cayla Macejkovic', '951 Loyal Junction Apt. 574', 'lelia73@example.net'),
(257, 'Brenden Hagenes', '4505 Ferry Curve Suite 590', 'melisa.koss@example.org'),
(258, 'Miss Dayana Kuhic DVM', '26252 Block Mountain', 'lbotsford@example.net'),
(259, 'Albina Koss', '2369 Johnston Summit', 'vivian72@example.com'),
(260, 'Cristal Rolfson III', '44931 Joany Lake Apt. 899', 'rosa.cummings@example.org'),
(261, 'Mr. Bradley Konopelski', '55048 Conn Tunnel Suite 173', 'saige89@example.com'),
(262, 'Talon Braun', '77492 Mortimer Ports', 'margarett90@example.org'),
(263, 'Zelda Schultz', '37153 Hayes Mission Apt. 849', 'hrunte@example.com'),
(264, 'Isaac Cruickshank', '4315 Velda Harbors', 'magdalen95@example.org'),
(265, 'Miss Electa Quigley', '0717 Padberg Branch', 'liam51@example.net'),
(266, 'Mr. William Watsica', '7278 Koepp Estate Suite 714', 'rkuphal@example.com'),
(267, 'Autumn Mitchell', '4993 Corwin Vista', 'vallie.feeney@example.com'),
(268, 'Nettie Greenfelder II', '93449 Davin Lights', 'vandervort.darien@example.net'),
(269, 'Triston Johnston', '58491 Dixie Views Apt. 012', 'greyson66@example.com'),
(270, 'Alivia Kozey DVM', '9116 Adelle Stravenue Apt. 896', 'jettie01@example.com'),
(271, 'Dr. Khalid Hermann III', '80670 Reynolds Parks', 'colleen03@example.org'),
(272, 'Adele Vandervort', '86814 Zieme Crescent', 'dejah73@example.org'),
(273, 'Kailyn Rutherford', '2205 Kerluke Common Suite 497', 'fredrick69@example.org'),
(274, 'Otha Ritchie', '128 Viola Neck', 'lakin.stefanie@example.org'),
(275, 'Stevie Kuhic', '20447 Gianni Gardens', 'jstreich@example.com'),
(276, 'Carlotta Swift DDS', '15095 Buford Ridges', 'reichert.maye@example.org'),
(277, 'Keara Hansen', '13372 Verona Motorway Suite 997', 'xledner@example.org'),
(278, 'Abraham Daniel', '93720 Barrows Prairie Apt. 994', 'pasquale.sipes@example.net'),
(279, 'Sheridan Olson', '425 Dulce Mount Apt. 916', 'jboehm@example.org'),
(280, 'Daniella Rohan', '8627 Hyatt Centers', 'lueilwitz.pinkie@example.net'),
(281, 'Woodrow Thiel', '24700 Funk Prairie', 'kassulke.esmeralda@example.net'),
(282, 'Euna Simonis', '7144 Weissnat Ports', 'carmela90@example.org'),
(283, 'Ophelia Ernser', '81484 Hahn Drives', 'wbahringer@example.org'),
(284, 'Emmalee Mosciski', '009 Jennie Drives Apt. 883', 'harmon00@example.org'),
(285, 'Miss Alycia Little V', '96287 Noah Overpass', 'noemy.lueilwitz@example.net'),
(286, 'Alysson Christiansen', '9141 Barry Viaduct', 'ardith73@example.org'),
(287, 'Ardella Durgan', '3002 Zack Unions Suite 454', 'marlee.dooley@example.net'),
(288, 'Einar Gutmann', '02838 Keebler Mill', 'mayra49@example.org'),
(289, 'Mr. Berry Herman', '466 Joany Fork', 'kuhic.oleta@example.net'),
(290, 'Ms. Ivory Jacobson', '98151 O\'Hara Ramp', 'kris.jaime@example.com'),
(291, 'Prof. Webster Bernhard', '9272 Altenwerth Fort', 'reichel.major@example.net'),
(292, 'Allen Frami', '91901 Steuber Ridge', 'jessyca.labadie@example.net'),
(293, 'Dr. Lambert Reynolds', '3633 Israel Corner', 'mary09@example.org'),
(294, 'Brionna Nikolaus', '183 Greenholt Road', 'urutherford@example.net'),
(295, 'Myrl Thompson', '3218 Rhoda Shore Apt. 177', 'bins.lilliana@example.org'),
(296, 'Miss Shanny Kuphal', '40432 Mills Ville', 'laney28@example.com'),
(297, 'Manley VonRueden Sr.', '7362 Daphne Station Apt. 738', 'hrath@example.org'),
(298, 'Lew Jaskolski', '066 Lowell Tunnel Suite 933', 'ankunding.elza@example.org'),
(299, 'Maria Borer', '938 Judy Trace Apt. 749', 'ekoch@example.com'),
(300, 'Petra Wolf', '5593 Clara Villages', 'kunde.sarah@example.com'),
(301, 'Dr. Armani Wilkinson V', '5303 Wintheiser Tunnel', 'ckub@example.org'),
(302, 'Griffin Bergstrom', '596 Berge Lodge', 'tom85@example.com'),
(303, 'Mr. Gregory Homenick MD', '1788 Julian Via Apt. 055', 'hirthe.davion@example.org'),
(304, 'Casimir Gutkowski', '85894 Franecki Wall', 'kbosco@example.com'),
(305, 'Germaine Schuster', '7358 Alexis Corners', 'elinor87@example.net'),
(306, 'Syble Powlowski', '85697 Pollich Plain Apt. 372', 'devante.gleichner@example.com'),
(307, 'Angel Kshlerin', '9986 Ollie Port', 'maeve28@example.com'),
(308, 'Ms. Jackeline Ratke', '50746 Kassulke Crossroad', 'hardy.kreiger@example.net'),
(309, 'Sheila Pfannerstill', '56697 O\'Kon Street', 'sasha.kohler@example.org'),
(310, 'Miss Genoveva Boyle', '7573 Turner View', 'rylan.douglas@example.com'),
(311, 'Mr. Karl Renner IV', '5400 Buckridge Ridges Suite 965', 'xconsidine@example.net'),
(312, 'Dr. Green Bashirian', '822 Jenkins Wall', 'greta42@example.com'),
(313, 'Alan Schneider', '0227 Carmella Trace Suite 219', 'nlockman@example.org'),
(314, 'Brice Heaney', '6040 Corwin Squares Suite 253', 'jnitzsche@example.org'),
(315, 'Gus Dach', '5211 Armani Lodge Suite 500', 'leo65@example.org'),
(316, 'Elliott Crooks', '0354 Muriel Tunnel Suite 906', 'yhegmann@example.org'),
(317, 'Mr. Hal Watsica', '2563 Schmidt Stream Apt. 235', 'mack22@example.org'),
(318, 'Dr. Leonel Brown III', '0632 Burdette Freeway Suite 521', 'rick39@example.com'),
(319, 'Malinda Swaniawski', '853 Tre Branch Suite 100', 'langosh.eino@example.org'),
(320, 'Mr. Nicola Wintheiser', '380 Hodkiewicz Camp Apt. 111', 'jed89@example.org'),
(321, 'Lavada Wiza', '567 Emilie Shoals Suite 024', 'freeda03@example.com'),
(322, 'Terrell Zemlak', '74869 Lakin Station', 'terrill73@example.org'),
(323, 'Sophia Reichert', '7619 Purdy Isle', 'jast.claudine@example.net'),
(324, 'Sofia Erdman', '04814 Chris Lights', 'cartwright.savion@example.com'),
(325, 'Joshuah Jast IV', '697 Winona Place', 'jasper.kozey@example.net'),
(326, 'Miss Ona Kovacek', '440 Sandra Park Suite 127', 'plittle@example.com'),
(327, 'Hillard Halvorson Sr.', '901 Walsh Wall', 'dkshlerin@example.com'),
(328, 'Daphnee O\'Conner', '133 Savanna Circle Suite 229', 'eprice@example.org'),
(329, 'Mr. Kristofer Towne PhD', '0969 Kuvalis Walk Suite 587', 'freeda29@example.net'),
(330, 'Freeda Hoeger', '776 Deven Square', 'bmurphy@example.net'),
(331, 'Dr. Thea Denesik', '216 Gottlieb Spurs Suite 957', 'keeling.thea@example.org'),
(332, 'Fleta Thiel', '855 Lafayette Lane', 'syble.rogahn@example.net'),
(333, 'Layla Waelchi II', '8942 Glover Plain Apt. 115', 'orval52@example.com'),
(334, 'Dr. Ludwig Bode DVM', '9981 Kraig Mill Apt. 978', 'benny57@example.com'),
(335, 'Maritza Quitzon', '49314 Julia Trace Suite 867', 'brando.lehner@example.net'),
(336, 'Greyson Goodwin', '84214 Thompson Springs Apt. 442', 'cedrick53@example.org'),
(337, 'Arlene Heller', '60955 Bertha Causeway Apt. 213', 'medhurst.julie@example.org'),
(338, 'Lori Flatley', '9080 Rubye Knolls Apt. 126', 'talia.ziemann@example.com'),
(339, 'Cassie Blanda', '7572 Metz Spurs Apt. 692', 'lorenzo.stiedemann@example.net'),
(340, 'Leda Mayert PhD', '07384 Will Mountains', 'astoltenberg@example.net'),
(341, 'Brittany Osinski', '8675 Glennie Glens', 'nikolas78@example.net'),
(342, 'Cordia Morissette', '06809 Lakin Terrace Apt. 456', 'adelia27@example.org'),
(343, 'Caleigh Brakus MD', '58758 Lizeth Mountain', 'hharber@example.net'),
(344, 'Ron Kilback IV', '451 Liza Station Apt. 232', 'bartell.burdette@example.org'),
(345, 'Theron Zemlak', '4508 Diamond Walk Suite 092', 'cassie.herzog@example.com'),
(346, 'Verdie Abbott', '05712 Houston Inlet', 'jesus91@example.net'),
(347, 'Prof. Naomie Ward', '3758 Torp Mountains Apt. 031', 'jena45@example.org'),
(348, 'Abbigail VonRueden', '053 Fay Camp', 'sydni16@example.org'),
(349, 'Raymundo Murphy', '547 Simonis Neck Apt. 969', 'oturner@example.com'),
(350, 'Hugh Stokes Jr.', '16473 Ryann Walks Apt. 824', 'bhammes@example.org'),
(351, 'Linnea Krajcik I', '6492 Hammes Mall', 'danny16@example.net'),
(352, 'Stanton Schmidt', '63157 Chris Locks Apt. 403', 'fkuphal@example.net'),
(353, 'Humberto Rogahn', '4388 Gunner Drive Apt. 809', 'hward@example.net'),
(354, 'Elissa Denesik', '85810 Zemlak Land Suite 143', 'zaria79@example.org'),
(355, 'Jonathan Volkman', '55505 Balistreri Landing Suite 046', 'ortiz.mara@example.org'),
(356, 'Gaylord Gorczany Sr.', '96719 Tyrel Lakes Suite 571', 'claudine.kessler@example.com'),
(357, 'Dr. Ebony Kozey', '84020 Freeman Ports Suite 722', 'phamill@example.com'),
(358, 'Mr. Roel Christiansen PhD', '3096 Cornell Vista', 'keara74@example.com'),
(359, 'Tyson Bogan', '44433 Dillan Coves Suite 890', 'deborah48@example.org'),
(360, 'Trudie Heaney', '46920 Ophelia Radial Apt. 823', 'christophe15@example.net'),
(361, 'Mrs. Holly Buckridge MD', '118 Jon Locks Suite 662', 'predovic.margarett@example.org'),
(362, 'Charley Schinner II', '1960 King Squares', 'denis85@example.org'),
(363, 'Ramona Stokes', '125 Cruickshank Cape Suite 529', 'jmohr@example.com'),
(364, 'Elena Hagenes', '0678 Maurine Dale', 'fprice@example.org'),
(365, 'Junius Powlowski', '282 Conner Courts', 'murphy.robb@example.org'),
(366, 'Charity McGlynn', '81012 Krajcik Dam', 'trenton.mills@example.net'),
(367, 'Dr. Bria Zboncak', '28370 Edd Ridge', 'shanahan.edgar@example.net'),
(368, 'Lucas Trantow DDS', '540 Kirsten Port Apt. 147', 'eda33@example.com'),
(369, 'Lillian Jacobs', '7141 Feil Burg', 'ftorp@example.com'),
(370, 'Mr. Kamren Kutch', '143 Myrna Lodge Apt. 007', 'zackery.jerde@example.com'),
(371, 'Abigayle Schmeler', '213 Torp River Apt. 405', 'lila93@example.com'),
(372, 'Lamont Howe', '35418 Jesse Lights Suite 092', 'rebecca46@example.net'),
(373, 'Marc Ritchie', '58769 Renner Knolls', 'kamron.bauch@example.com'),
(374, 'Moises Daugherty', '82728 Loyal Underpass', 'precious82@example.com'),
(375, 'Kevin Kuhlman', '962 Grant Hill Suite 983', 'qblock@example.net'),
(376, 'Eric Mills', '482 Heaney Mount Suite 775', 'kaleb40@example.org'),
(377, 'Cullen Tremblay', '2375 Osinski Hills Apt. 076', 'precious.wuckert@example.net'),
(378, 'Domenica Brekke IV', '59166 Aida Stream Apt. 967', 'larkin.loyal@example.net'),
(379, 'Dixie Schaden', '63683 Graham Light', 'tjacobs@example.net'),
(380, 'Rico Blanda Jr.', '1408 Rowe Mountains Apt. 200', 'rory.o\'conner@example.com'),
(381, 'Brenden Brekke', '9390 Micah Drive', 'alta86@example.com'),
(382, 'Prof. Furman Haley', '24630 Damion Junction Apt. 997', 'dexter.pagac@example.org'),
(383, 'Hettie Jones', '315 Carroll Inlet', 'ahmad.kub@example.org'),
(384, 'Prof. Daisha Johns', '91124 Sabryna Keys', 'dwaters@example.org'),
(385, 'Liliana Crona', '1208 Brown Mountain Suite 020', 'crooks.madilyn@example.com'),
(386, 'Mr. Marcus Keebler', '09003 Glover Stravenue', 'vgottlieb@example.net'),
(387, 'Dr. Sydney Kutch III', '5739 Fannie Springs Apt. 486', 'lakin.wilhelmine@example.org'),
(388, 'Okey Osinski', '5060 Nettie Spurs Suite 854', 'gilda21@example.net'),
(389, 'Ellsworth Wolf', '4883 Magdalen Light', 'marks.madaline@example.net'),
(390, 'Clemmie Boyer', '784 Haag Meadows Suite 164', 'ransom32@example.com'),
(391, 'Prof. Shyanne Adams', '4117 Rutherford Crossing', 'ynolan@example.org'),
(392, 'Prof. Chaya Schumm III', '75311 Boyd Ferry Apt. 234', 'rusty.anderson@example.net'),
(393, 'Alice Green DDS', '013 Bergstrom Estate Suite 832', 'vbaumbach@example.com'),
(394, 'Prof. Elta Zemlak IV', '16337 Rico Shoal Apt. 256', 'adriana95@example.org'),
(395, 'Nina Mills', '467 Goodwin Crossing Suite 195', 'clair.okuneva@example.com'),
(396, 'Kasey Toy', '88881 Lois Burgs Apt. 469', 'stroman.zola@example.com'),
(397, 'Prof. Christop Sawayn', '30525 Bosco Forge Apt. 132', 'klynch@example.org'),
(398, 'Miss Queen Bayer', '4178 Weston Meadow', 'estefania.mills@example.org'),
(399, 'Jermain Goyette II', '3667 Cleta Springs', 'nrunolfsdottir@example.net'),
(400, 'Mrs. Natalia Pacocha', '66784 Kaitlin Unions Suite 203', 'adams.hulda@example.org'),
(401, 'Kraig Wiza', '70790 Neha Islands Suite 234', 'ewiza@example.com'),
(402, 'Ignacio Medhurst', '95509 Gwendolyn Valleys Apt. 933', 'qtrantow@example.com'),
(403, 'Berry Dibbert', '8316 Lubowitz Track Apt. 636', 'juana97@example.com'),
(404, 'Mitchell Ernser', '4679 Willms Camp', 'ryley.ernser@example.org'),
(405, 'Helen Murazik', '0167 Bechtelar Valleys', 'hector.vandervort@example.net'),
(406, 'Mr. Giovani Dietrich', '9679 Ryder Squares', 'kennith64@example.com'),
(407, 'Brock Mraz II', '388 Schmidt Run', 'jbode@example.net'),
(408, 'Ruth Kulas', '88511 Weimann Brooks Suite 141', 'lpfeffer@example.net'),
(409, 'Alanis Abshire', '965 Oceane Dale Suite 657', 'collins.audrey@example.org'),
(410, 'Mr. Doris Stiedemann', '290 Lavern Light', 'inicolas@example.org'),
(411, 'Reta Boyle', '53512 Yasmeen Village', 'zulauf.zoie@example.com'),
(412, 'Jerome Gislason', '6553 Bins Circles Apt. 471', 'ayana26@example.com'),
(413, 'Maximillia Grimes', '33389 Amalia Plaza', 'nhermiston@example.com'),
(414, 'Soledad Williamson', '173 Erling Lakes Suite 264', 'beier.earnest@example.org'),
(415, 'Marcia Ferry', '3524 Willms Squares Apt. 429', 'destany48@example.net'),
(416, 'Romaine Jacobs', '73075 Farrell Road', 'gleichner.sid@example.net'),
(417, 'Prof. Laurel Miller', '475 Konopelski Forest Apt. 697', 'felix55@example.com'),
(418, 'Miss Carlie McDermott', '688 Kylee Ports Suite 432', 'peyton.stark@example.com'),
(419, 'Hadley Kuhic', '251 Lonnie Meadows', 'treutel.louvenia@example.org'),
(420, 'Annabel Goyette', '81539 Rodrick Lodge', 'blick.tiana@example.net'),
(421, 'Colby Herzog', '054 Felton View Suite 183', 'uo\'hara@example.org'),
(422, 'Edward Cummings', '1550 Burdette Squares Apt. 261', 'bbarrows@example.com'),
(423, 'Jacynthe Heathcote', '3148 Jess Land', 'dayna87@example.org'),
(424, 'Jevon Koch', '3402 Sipes Tunnel', 'hoeger.stephen@example.org'),
(425, 'Prof. Laney Lowe', '7817 Thea Station Suite 689', 'parisian.buford@example.org'),
(426, 'Pinkie McCullough III', '003 Whitney Trail Suite 254', 'bcummings@example.org'),
(427, 'Theodore Abernathy', '8437 Lindgren Pines Apt. 942', 'johnson.libbie@example.org'),
(428, 'Margarete Pagac III', '76906 Marina Rest Apt. 238', 'rosetta.mcdermott@example.com'),
(429, 'Yasmin Franecki', '3568 Kassulke Mission', 'sarah.corwin@example.net'),
(430, 'Margaret Leannon', '399 Botsford Prairie Suite 309', 'demetris72@example.com'),
(431, 'Ms. Magdalena Kautzer', '17482 Raquel Rapids Suite 993', 'nigel.schuppe@example.org'),
(432, 'Johnathan Dare', '56521 Schoen Mountains', 'samir.von@example.com'),
(433, 'Shemar Upton', '81996 Ambrose Drive Apt. 239', 'wlockman@example.org'),
(434, 'Eliezer McGlynn PhD', '9344 Schiller Ville Apt. 384', 'd\'angelo81@example.org'),
(435, 'Mrs. Odie Jones', '671 Hunter Manors', 'crona.destin@example.net'),
(436, 'Dr. Alexane Gerlach', '16804 Kshlerin Motorway', 'troy.keebler@example.net'),
(437, 'Gerda Beier', '82593 Delfina Road Apt. 742', 'larkin.lucie@example.com'),
(438, 'Noemi Quigley', '929 Bergnaum Camp Apt. 042', 'colleen.borer@example.org'),
(439, 'Kari Stanton I', '259 Tito Meadows Apt. 645', 'brandon.wiegand@example.net'),
(440, 'Mr. Deontae Greenfelder', '371 Cummerata Ramp Apt. 611', 'gleichner.adrianna@example.net'),
(441, 'Ulices Daugherty', '257 Schaden Garden', 'pbarton@example.org'),
(442, 'Roberta Ortiz', '3340 Eugene Plain', 'hane.billie@example.com'),
(443, 'Wanda Auer', '294 Nicola Forge Suite 614', 'kaitlin86@example.net'),
(444, 'Dr. Terrell Doyle PhD', '7168 Juanita Via Apt. 362', 'talon.welch@example.org'),
(445, 'Ana Koss II', '3539 Terry Vista Suite 394', 'smitham.kaci@example.com'),
(446, 'Edwardo Larkin', '75572 Fletcher Island', 'rhea.goyette@example.net'),
(447, 'Arianna Ankunding', '9296 Peyton Flat Apt. 212', 'tyrese.price@example.net'),
(448, 'Dr. Shania Graham IV', '66567 Kihn Gateway Apt. 536', 'roberts.valentin@example.com'),
(449, 'Prof. Elinore Heller', '11644 Daphney Drive', 'gschmitt@example.com'),
(450, 'Tiara Doyle DDS', '11175 Conn Parks', 'watson.bruen@example.org'),
(451, 'Carli Eichmann', '52350 Schmitt Loop Apt. 019', 'lavon.oberbrunner@example.org'),
(452, 'Claudine Harvey', '8660 Verner Course', 'sauer.johanna@example.com'),
(453, 'Prof. Eva Watsica MD', '65539 Jacobson Viaduct', 'crooks.bernardo@example.com'),
(454, 'Keely Gerlach', '64927 Hayes Turnpike', 'leann17@example.com'),
(455, 'William Champlin', '5636 O\'Conner Lake', 'umedhurst@example.org'),
(456, 'Talia Oberbrunner I', '0982 Thiel Inlet', 'jackie.jacobs@example.org'),
(457, 'Mr. Demario Ankunding IV', '8023 Homenick Plaza', 'akeem.dubuque@example.com'),
(458, 'Jazlyn Hagenes', '173 Lang Flats', 'mitchell.jeramy@example.com'),
(459, 'Dr. Bart Quigley', '7052 Gusikowski Squares', 'reina98@example.com'),
(460, 'Yasmeen Reichert', '5168 Stehr Village', 'koss.owen@example.com'),
(461, 'Mr. Deven Ferry Sr.', '047 O\'Conner Lakes Apt. 597', 'ikovacek@example.org'),
(462, 'Miss Anabel Yost II', '98647 Runolfsdottir Summit', 'zkris@example.net'),
(463, 'Dr. Myah Hilpert', '2137 Natalia Walks Apt. 361', 'bert86@example.com'),
(464, 'Chaya Ullrich', '405 Conroy Shores', 'victor60@example.net'),
(465, 'Prof. Dillan Parker IV', '023 Hansen Place', 'rebeca49@example.net'),
(466, 'River Greenfelder', '82713 Crist Trafficway Apt. 214', 'nmacejkovic@example.org'),
(467, 'Dr. Luciano Dicki II', '4909 Dorris Dale', 'dbode@example.com'),
(468, 'Prof. Lafayette Harvey II', '7329 Adonis Islands Apt. 808', 'aschowalter@example.net'),
(469, 'Makayla Jast', '17896 Kunze Fall Apt. 351', 'reuben90@example.net'),
(470, 'Stanley Baumbach Sr.', '08074 Boyer Road', 'ametz@example.net'),
(471, 'Dr. Margarita Torphy II', '30674 Ottis Unions Apt. 895', 'hmiller@example.org'),
(472, 'Francesco Koelpin', '158 Jordon Lodge', 'korey.ernser@example.net'),
(473, 'Mr. Alexie Connelly', '691 Kuhn Station', 'percy31@example.com'),
(474, 'Dr. Justina Jacobs', '8444 Sigurd Causeway Apt. 358', 'runolfsson.cynthia@example.net'),
(475, 'Adrain Larkin', '255 Kunze Cliffs Suite 205', 'obie16@example.com'),
(476, 'Prof. Craig Cartwright PhD', '13056 Nicolas Heights Suite 183', 'moriah00@example.org'),
(477, 'Ryann Roob', '0076 Sporer Causeway Suite 677', 'witting.kavon@example.com'),
(478, 'Melany Littel', '936 Chesley Brook', 'gretchen.will@example.org'),
(479, 'Noah Schultz IV', '08603 Braun Manor Suite 550', 'princess50@example.org'),
(480, 'Ms. Lolita Bergnaum II', '6484 Kovacek Avenue Suite 711', 'vilma.kassulke@example.org'),
(481, 'Lucious Parisian', '65430 Preston Springs Suite 651', 'tblick@example.net'),
(482, 'Torrance Quigley', '20060 Ronaldo Ridge Apt. 583', 'vdoyle@example.com'),
(483, 'Mr. Kevin Wisozk Sr.', '8306 Weissnat Orchard', 'hickle.duncan@example.org'),
(484, 'Vidal Dicki', '614 Brakus Union', 'ladarius.mante@example.com'),
(485, 'Mr. Judah Russel MD', '48706 Funk Center Suite 121', 'skyla87@example.com'),
(486, 'Sarina Kling', '330 Johnson Mall', 'senger.destiny@example.net'),
(487, 'Jerome Stark III', '0486 Friedrich Rue', 'cooper.farrell@example.org'),
(488, 'Beryl Okuneva', '959 Flatley Valleys Suite 880', 'reva05@example.org'),
(489, 'Cameron Von', '695 Kirlin Cliffs Apt. 104', 'carter.larue@example.com'),
(490, 'Mercedes Koepp', '24529 Metz Run', 'tremayne57@example.org'),
(491, 'Arvilla Wisoky', '46262 Jordane Ville Apt. 747', 'haven81@example.net'),
(492, 'Alexzander Wuckert', '82078 Emelia Junctions Suite 802', 'greenfelder.cheyanne@example.org'),
(493, 'Lorena Block PhD', '975 Adella Ridge Suite 979', 'ethel96@example.com'),
(494, 'Geovanni Tillman', '821 Rohan Summit', 'norn@example.net'),
(495, 'Keaton Stracke', '14668 Armstrong Trail', 'ibayer@example.net'),
(496, 'Arch Grant', '06116 Davion Vista Apt. 517', 'peyton15@example.com'),
(497, 'Isadore McGlynn', '769 Trent Villages Suite 184', 'edwina84@example.net'),
(498, 'Reece Cormier', '2161 Waylon Isle Suite 103', 'ucummerata@example.org'),
(499, 'Miss Makenzie Baumbach III', '284 Dock Overpass', 'jaylen66@example.net'),
(500, 'Leatha Kunze', '8197 Betsy Light Suite 824', 'axel.lesch@example.net'),
(501, 'Amiya Berge', '15340 Peyton Trace Suite 493', 'murray.chet@example.org'),
(502, 'Hilario Carter', '713 Hilll Roads', 'kendall06@example.com'),
(503, 'Marcelle Macejkovic', '99091 Carroll Causeway Apt. 315', 'rosetta80@example.org'),
(504, 'Beau Feil', '782 Eliseo Forges', 'elijah.koch@example.org'),
(505, 'Magdalen Heathcote DVM', '59296 Green Walk Apt. 839', 'tyra.wiegand@example.org'),
(506, 'Jett Abbott', '83465 Johns Port Apt. 481', 'so\'kon@example.com'),
(507, 'Kaylah Okuneva', '40879 Emie Path Apt. 722', 'alexandra81@example.net'),
(508, 'Curtis Heaney', '1194 Grimes Burg Apt. 408', 'ashleigh.herman@example.org'),
(509, 'Prof. Norberto Keebler', '29162 Fay Square Apt. 624', 'wbarrows@example.org'),
(510, 'Lewis Gutkowski Jr.', '34163 Mills Drives', 'wcummings@example.net'),
(511, 'Mr. Julius Grant', '3826 Hailee Burgs', 'layne.christiansen@example.org'),
(512, 'Maureen Hyatt V', '2477 Demario Viaduct', 'kendra95@example.net'),
(513, 'Ms. Meggie Hills II', '8520 Filiberto Field', 'schultz.rupert@example.net'),
(514, 'Prof. Abbie Graham', '262 O\'Reilly Glen', 'rodriguez.elody@example.org'),
(515, 'Katlyn Wisozk', '18298 Gunnar Plains', 'ckling@example.net'),
(516, 'Laverne Greenfelder', '09480 O\'Reilly Lane', 'wbrown@example.org'),
(517, 'Ernestine Wiegand', '486 Rebeca Locks Apt. 493', 'savannah.schneider@example.net'),
(518, 'Brenna Purdy', '9243 Eriberto Square Apt. 684', 'dare.robb@example.net'),
(519, 'Paris Sauer V', '525 Kuhlman Unions Apt. 359', 'stacey53@example.com'),
(520, 'Kamron Rau', '5720 Maurine Groves Apt. 616', 'kub.rae@example.org'),
(521, 'Reanna Kshlerin', '49406 Lueilwitz Club Apt. 962', 'ines85@example.org'),
(522, 'Prof. Lily Halvorson V', '9921 Ruecker Alley Apt. 764', 'forrest82@example.net'),
(523, 'Mr. Price Rolfson I', '681 Prohaska Radial Apt. 088', 'schowalter.bethel@example.org'),
(524, 'Domenica Moen', '06682 Lindsey Trail Suite 869', 'laron73@example.org'),
(525, 'Tyrique Rohan', '571 Hosea Locks', 'florence.wolff@example.net'),
(526, 'Miss Astrid Friesen', '6735 Dallas Lake Suite 396', 'ozemlak@example.net'),
(527, 'Christina Rath', '73918 Ocie Cliffs Apt. 095', 'craig.mante@example.net'),
(528, 'Gretchen Ondricka', '877 Clovis Junctions', 'reva73@example.org'),
(529, 'Abdiel Schoen', '84401 Kuvalis Flat', 'bradtke.luna@example.org'),
(530, 'Landen Rippin IV', '0268 Zita Port', 'tess.mills@example.net'),
(531, 'Dr. Breanne Bradtke', '26179 Hubert Rue Apt. 603', 'ogreenfelder@example.org'),
(532, 'Mrs. Rachel Armstrong', '2194 Hackett Terrace Apt. 678', 'schowalter.destin@example.com'),
(533, 'Sanford Turner', '1596 Abernathy Keys', 'burdette13@example.com'),
(534, 'Marcus Harber', '6241 Lamar Ports Suite 412', 'kylee96@example.com'),
(535, 'Joe Gutmann', '100 Greenfelder Squares', 'purdy.darwin@example.net'),
(536, 'Mary Stoltenberg', '57591 Cara Burg Apt. 296', 'piper86@example.org'),
(537, 'Ms. Tracy Lehner DDS', '3533 Emmet Summit Apt. 351', 'qframi@example.com'),
(538, 'Dr. Presley Howell IV', '42361 Wunsch Gardens Suite 999', 'issac.jerde@example.net'),
(539, 'Osbaldo Lemke', '61287 Laney Ports Suite 550', 'xgrady@example.org'),
(540, 'Prof. Eulalia Hyatt', '1196 Schimmel Lights', 'aidan28@example.com'),
(541, 'Pete Baumbach', '5159 Katlyn Plains', 'trent.hickle@example.net'),
(542, 'Dr. Evert Rodriguez PhD', '36032 Gibson Stravenue', 'vince.weissnat@example.net'),
(543, 'Miss Nellie Nikolaus', '5920 Katelin Motorway Apt. 119', 'collier.winfield@example.com'),
(544, 'Dr. Clarissa Terry', '114 Cassin Meadow Apt. 929', 'kiara51@example.com'),
(545, 'Cristian Leuschke V', '2476 Magdalen Pike Apt. 379', 'bailey.jovani@example.org'),
(546, 'Gage Jerde', '4900 Claudie Loop', 'alueilwitz@example.org'),
(547, 'Prof. Antonina Lynch Sr.', '9042 Ken Hollow Suite 434', 'krajcik.charles@example.com'),
(548, 'Prof. Daphnee Ebert', '678 O\'Reilly Freeway', 'darian91@example.com'),
(549, 'Dustin Walter Jr.', '5334 Tremblay Prairie', 'william87@example.org'),
(550, 'Shakira Schmidt', '9800 Hane Cliff Suite 408', 'toney.mante@example.com'),
(551, 'Ms. Kaylah Bayer', '69931 Cristina Inlet Suite 748', 'scotty31@example.com'),
(552, 'Baylee Metz', '1036 Asia Meadows', 'lang.hank@example.net'),
(553, 'Art Flatley', '39865 Adams Bridge', 'xfisher@example.org'),
(554, 'Dereck Hegmann Jr.', '468 Kihn View', 'arianna24@example.net'),
(555, 'Jackson Larson I', '68714 Penelope Canyon', 'kaden97@example.net'),
(556, 'Tabitha Conn III', '4067 Bins Corner Apt. 146', 'liam.marks@example.com'),
(557, 'Jayson Rodriguez', '484 Kennedy Road', 'mnitzsche@example.org'),
(558, 'Mr. London Willms', '33014 Micah Pine Suite 750', 'doris97@example.com'),
(559, 'Ben Stoltenberg', '929 Gabriella Forks', 'theron.predovic@example.org'),
(560, 'Mr. Stephan Crona', '79684 Meta Ridge', 'qstehr@example.com'),
(561, 'Roslyn Kiehn', '415 Lehner Falls', 'vmarvin@example.net'),
(562, 'Dr. Margaret Howe Sr.', '59510 Cleora Summit', 'bayer.luz@example.org'),
(563, 'Miss Jadyn Bayer', '6092 Lafayette Springs Suite 917', 'adela04@example.org'),
(564, 'Alaina Goodwin', '99812 Schmeler Drive Suite 586', 'wtillman@example.net'),
(565, 'Miss Mable Stamm V', '06137 Johnpaul Mountains', 'gloria.tremblay@example.org'),
(566, 'May Boyle', '33032 Schaden Cliffs', 'maryjane.gleason@example.org'),
(567, 'Will Purdy', '258 Maybell Manor', 'parisian.irma@example.org'),
(568, 'Melyna Durgan', '452 Elva Village', 'qbrekke@example.net'),
(569, 'Dr. Arturo Mayert', '2818 Grady Place', 'salma19@example.net'),
(570, 'Prof. Skye Funk', '3950 Dorothy Fall', 'randall48@example.org'),
(571, 'Quinten Beer', '56794 Rowe Mount Apt. 277', 'lkovacek@example.org'),
(572, 'Dr. Rickie Mann', '0034 Graham Roads Apt. 293', 'angus.gislason@example.org'),
(573, 'Dr. Jettie Dooley', '093 Candice Tunnel', 'marjorie28@example.org'),
(574, 'Isidro Wilderman', '50003 Langosh Rest Apt. 821', 'pkulas@example.net'),
(575, 'Magnus Schuster', '6752 Dach Green Suite 287', 'fredy39@example.net'),
(576, 'Berneice Wilkinson', '932 Melody Streets', 'zemlak.lenore@example.net'),
(577, 'Keon Grant', '34318 Corwin Causeway Suite 251', 'ritchie.quinten@example.net'),
(578, 'Lilian Hauck', '184 Koss Hill Apt. 526', 'krajcik.brittany@example.org'),
(579, 'Jovani Rice', '86705 Armstrong Inlet Apt. 906', 'howe.valentine@example.com'),
(580, 'Edgardo Sipes', '3335 Bednar Brooks', 'pacocha.lisandro@example.net'),
(581, 'Prof. Juston O\'Hara I', '797 Nader Brooks Suite 933', 'alessandra39@example.org'),
(582, 'Kelley Kreiger DDS', '2562 Frederic Heights Apt. 845', 'pcremin@example.org'),
(583, 'Jazmin Padberg', '86422 Stracke Knoll', 'isobel.stanton@example.com'),
(584, 'Felicity Corwin', '0238 Gene Divide', 'hhirthe@example.net'),
(585, 'Waldo Kerluke', '40674 Chyna Isle', 'stuart.grant@example.org'),
(586, 'Gardner Bartoletti', '7923 Reichel Station Apt. 865', 'phowe@example.com'),
(587, 'Prof. Wilfred Ortiz Sr.', '3627 Koss Island', 'jazmyne.donnelly@example.net'),
(588, 'Mr. Jeffery Balistreri II', '229 Teresa Lodge', 'tatyana16@example.net'),
(589, 'Van Herzog', '923 Boehm Shoal', 'lhauck@example.net'),
(590, 'Chelsie Bradtke', '49513 Kendra Corners Suite 970', 'cmarvin@example.org'),
(591, 'Mrs. Alvena Conn', '0231 Leilani Forge Apt. 308', 'wrau@example.org'),
(592, 'Theodora Schamberger PhD', '3721 Dicki Stravenue Suite 418', 'ritchie.joyce@example.net'),
(593, 'Lauretta Cronin', '615 Jesus Groves', 'barney21@example.com'),
(594, 'Mrs. Nettie Wisoky DVM', '3275 Dustin Station Suite 982', 'tyrell.windler@example.org'),
(595, 'Omari Turcotte', '522 Angeline Courts Apt. 610', 'opal67@example.net'),
(596, 'Dr. Randi Klein IV', '19917 Streich Cliff Apt. 860', 'block.zella@example.net'),
(597, 'Una Metz', '97305 Alba Dale', 'zaria.pouros@example.com'),
(598, 'Janae Bechtelar', '790 Alda Coves Apt. 328', 'ana54@example.com'),
(599, 'Bennett Wilderman', '6721 Oberbrunner Gardens Suite 046', 'keven.dach@example.com'),
(600, 'Mr. Josiah Zemlak', '8582 Konopelski Shoal Suite 663', 'sanford.roxanne@example.net'),
(601, 'Chelsie Heaney Jr.', '201 Hickle Underpass Suite 365', 'auer.lauretta@example.com'),
(602, 'Ms. Frieda Abshire', '226 DuBuque Port Suite 665', 'loyal.kuhn@example.net'),
(603, 'Roman Reynolds', '5152 Jackie Prairie Suite 125', 'fern.rowe@example.com'),
(604, 'Omari Nader', '784 Bednar Bypass', 'karina00@example.org'),
(605, 'Manuel Jacobi', '883 McCullough Manor Suite 573', 'eve27@example.net'),
(606, 'Mr. Conor King III', '957 Lexie Drive Suite 574', 'lora.kuphal@example.com'),
(607, 'August Veum', '736 Demarco Fork', 'ukoss@example.net'),
(608, 'Dr. Coralie Weissnat Jr.', '5258 Blick Mill', 'jstanton@example.org'),
(609, 'Tania Runolfsson', '10569 Kayli Locks', 'yaltenwerth@example.com'),
(610, 'Ms. Idella Turcotte III', '34468 Grayson Ferry', 'billie.rutherford@example.net'),
(611, 'Maxwell Pfannerstill V', '14615 Jules Vista', 'holden92@example.com'),
(612, 'Brown Lehner DDS', '00064 Sporer Manors Suite 236', 'o\'hara.rosanna@example.com'),
(613, 'Grady Macejkovic', '27815 Rath Estate Apt. 445', 'keshaun60@example.org'),
(614, 'Mrs. Karine Spencer PhD', '327 Bernhard Glen Suite 316', 'schimmel.leatha@example.com'),
(615, 'Aditya Orn', '2541 Stracke Drive Suite 096', 'kshlerin.sally@example.com'),
(616, 'Miss Gladyce Lemke PhD', '062 Madalyn Knoll Suite 534', 'renner.dean@example.com'),
(617, 'Harry Hermiston', '612 McGlynn Lane Suite 773', 'lewis45@example.org'),
(618, 'Jack Hand', '671 Araceli Pass', 'ujacobs@example.com'),
(619, 'Mr. Jovani Okuneva II', '04172 Juanita Plaza Apt. 485', 'fausto.roberts@example.org'),
(620, 'Elna Hills', '4975 Bertha Shore Suite 498', 'prosacco.shaylee@example.net'),
(621, 'Ashlynn Bartoletti', '584 Alex Wells', 'nbaumbach@example.com'),
(622, 'Miss Leola Schimmel', '307 Luther Square Suite 319', 'renner.isai@example.org'),
(623, 'Mr. Alan Kertzmann', '44680 Gaylord Mission Apt. 058', 'lolita.ledner@example.net'),
(624, 'Derrick Koch', '44895 Amely Dam Apt. 721', 'kpowlowski@example.org'),
(625, 'Madilyn Collins', '5683 Schumm Field Suite 439', 'feest.christine@example.net'),
(626, 'Cristobal McLaughlin', '868 Oswald Gateway', 'kari85@example.com'),
(627, 'Winifred Rippin', '36309 Jensen Ferry', 'hahn.sophia@example.org'),
(628, 'Treva Keeling', '90289 Bode Viaduct Suite 143', 'hermann.maggio@example.org'),
(629, 'Adrien Thiel', '59492 Madaline Prairie Apt. 107', 'ebrekke@example.org'),
(630, 'Stacey Vandervort MD', '283 Clara Drives Apt. 724', 'spencer.elmore@example.net'),
(631, 'Lula Grady', '840 Gaetano Corners', 'iheller@example.com'),
(632, 'Hudson Aufderhar', '154 Hackett Creek Apt. 119', 'hrosenbaum@example.org'),
(633, 'Prof. Della Beier PhD', '95546 Bret Shoals Apt. 978', 'vgoldner@example.org'),
(634, 'Heidi Beier', '400 McGlynn Square', 'hegmann.anika@example.org'),
(635, 'Raven Beer', '630 Hoeger Stream', 'rice.bertha@example.com'),
(636, 'Ms. Krista Becker I', '9769 Dicki Glen Suite 060', 'kris.xzavier@example.com'),
(637, 'Audie Wintheiser', '35059 Abbott Spring', 'rosenbaum.clement@example.org'),
(638, 'Christa Gorczany', '69036 Shayna Pine', 'roberts.aisha@example.net'),
(639, 'Alek Leuschke', '901 Freeman Roads Apt. 544', 'crobel@example.net'),
(640, 'Faye Hermann', '3702 Maddison Common Suite 921', 'mccullough.skye@example.com'),
(641, 'Merle Hoppe Sr.', '21176 Hintz Falls', 'miles88@example.org');
INSERT INTO `peoples` (`id`, `name`, `address`, `email`) VALUES
(642, 'Rodger West DVM', '3482 O\'Hara Shores Apt. 323', 'daniel.napoleon@example.com'),
(643, 'Brian Paucek', '3545 Jaylon Spurs', 'mcdermott.destinee@example.org'),
(644, 'Wilton Rippin', '519 Erik Heights', 'kaci53@example.com'),
(645, 'Alexie Champlin', '6063 Dare Village Suite 168', 'estel.leffler@example.com'),
(646, 'Hermann Walsh', '164 Leffler Corner Apt. 173', 'reed.herzog@example.net'),
(647, 'Haylee Ferry II', '52747 Estrella Creek Apt. 307', 'xjerde@example.org'),
(648, 'Payton Abshire', '27817 Xzavier Islands', 'larson.jarred@example.org'),
(649, 'Miss Beaulah Zulauf', '08602 Reinger View', 'emma.kessler@example.com'),
(650, 'Nicolas Mayert', '4564 Brakus Mill Suite 911', 'palma17@example.com'),
(651, 'Agnes Rowe', '18073 Daron Expressway Apt. 202', 'utreutel@example.com'),
(652, 'Dewitt Mayer Jr.', '2479 Zena Fort', 'nflatley@example.org'),
(653, 'Geovanny Lakin', '3111 Rowe Estate', 'zemlak.libby@example.com'),
(654, 'Ms. Myriam Von DVM', '38430 Metz Course Suite 406', 'langworth.rebeka@example.org'),
(655, 'Dr. Tierra Jakubowski IV', '23559 Bailey Crescent', 'audreanne.mcclure@example.org'),
(656, 'Mrs. Margarete Lockman III', '9766 Jewell Burg', 'lera.bergstrom@example.org'),
(657, 'Prof. Gerry Abbott', '20946 Arvilla Square Suite 129', 'hegmann.emilio@example.com'),
(658, 'David Morissette', '530 Arne Streets Suite 694', 'olson.kenneth@example.com'),
(659, 'Golda Boyer', '5091 Kuhic Village Suite 316', 'hellen85@example.com'),
(660, 'Fiona Braun I', '212 Erica Fort', 'kutch.dominic@example.org'),
(661, 'Francisco Jast', '673 O\'Connell Coves', 'terrence.graham@example.net'),
(662, 'Miss Ivory Ondricka V', '5040 Filiberto Viaduct Apt. 438', 'brendon91@example.com'),
(663, 'Rickey Watsica', '579 Beatty Springs Apt. 884', 'dagmar19@example.org'),
(664, 'Gerard Kreiger', '2574 Pouros Union Suite 964', 'cgreenholt@example.com'),
(665, 'Patsy Cummings', '3708 Mueller Springs Suite 895', 'mohr.elvie@example.org'),
(666, 'Marlee Ankunding', '524 Veronica Alley', 'wlynch@example.com'),
(667, 'Ms. Zetta Hoppe DDS', '622 Friesen Fords Suite 003', 'brannon13@example.org'),
(668, 'Burley Rutherford IV', '75123 Reed Prairie Suite 456', 'maximo36@example.org'),
(669, 'Clyde Lockman', '3632 Hilpert Common Apt. 136', 'nmayert@example.com'),
(670, 'Anabelle Mitchell', '19968 Kub Turnpike Suite 383', 'nwiegand@example.com'),
(671, 'Vicky Schamberger', '85191 Stanford Mountain Suite 542', 'haven38@example.com'),
(672, 'Prof. Julius Kulas DVM', '70267 Nichole Well Suite 817', 'collins.crystal@example.net'),
(673, 'Mr. Wilford Keebler III', '114 Alena Avenue Suite 843', 'harvey.kaitlyn@example.com'),
(674, 'Michale Stark', '6884 Humberto Brook Suite 668', 'schneider.trey@example.net'),
(675, 'Jason Collins', '6844 Yost Motorway', 'mpfannerstill@example.net'),
(676, 'Dr. Minerva Macejkovic', '92316 Bobbie Track', 'holly.hickle@example.com'),
(677, 'Prof. Bonita Grimes', '92693 Zieme Cape Apt. 294', 'wlang@example.net'),
(678, 'Gregory Gusikowski MD', '687 Lockman Stream', 'cassin.kirsten@example.com'),
(679, 'Toy Wilderman', '808 Jast Track', 'kade30@example.org'),
(680, 'Pattie Kovacek', '8388 Willms Course Apt. 885', 'ncollier@example.com'),
(681, 'Vickie Mertz', '768 Zboncak Hills', 'king.kale@example.org'),
(682, 'Jordon Wilkinson', '6962 Harvey Plaza Suite 974', 'ena24@example.org'),
(683, 'Jensen Stroman', '88763 Liliane Fork Suite 313', 'emmy73@example.net'),
(684, 'May Quigley', '29278 Tyrel Avenue Suite 919', 'roob.rico@example.net'),
(685, 'Kaley Ratke IV', '3325 Lee Road', 'anika.ullrich@example.com'),
(686, 'Jodie Shields', '0972 Hilario Springs', 'marcelle21@example.org'),
(687, 'Elfrieda Hagenes', '644 Lonzo Dale', 'fay.susie@example.com'),
(688, 'Oren McCullough', '3636 Eulalia Underpass Suite 809', 'leo39@example.net'),
(689, 'Dr. Heidi Johns Jr.', '7879 Rylee Inlet', 'lily79@example.net'),
(690, 'Cayla Carroll I', '64070 Emard Course', 'georgianna03@example.org'),
(691, 'Octavia D\'Amore', '26019 Gia Via Suite 211', 'philip80@example.com'),
(692, 'Dr. Abbigail Ernser', '45891 Yessenia Mill Suite 552', 'russel.zelda@example.org'),
(693, 'Bernardo Sporer', '045 Dock Parkway', 'esta50@example.net'),
(694, 'Baylee Harvey', '112 Thomas Manors', 'cmosciski@example.net'),
(695, 'Jameson Douglas', '1250 Irwin Mission Apt. 515', 'ffay@example.net'),
(696, 'Dr. Trey Dickens', '6370 Brown Flat', 'pouros.mazie@example.com'),
(697, 'Abdullah Fay', '10432 Berniece Parkway Apt. 265', 'juliana80@example.net'),
(698, 'Dr. Gladys Huel', '6511 Lizzie Walk Suite 431', 'stefanie.raynor@example.org'),
(699, 'Ms. Alberta Barrows DVM', '082 Reynolds Plain Suite 649', 'johns.norbert@example.org'),
(700, 'Tyrese Hoppe', '0366 Micaela Wells', 'zlockman@example.org'),
(701, 'Wava Moen', '4837 Chelsea Fork Apt. 826', 'muhammad08@example.com'),
(702, 'Kacey Rau', '9932 Noah Station', 'rita59@example.org'),
(703, 'Mrs. Bonnie Cartwright DDS', '9203 Bosco Garden Suite 157', 'kathlyn10@example.net'),
(704, 'Ms. Robyn Greenholt', '149 Ben Meadows Apt. 189', 'josie80@example.com'),
(705, 'Margot Ullrich', '42077 Jovan Shore', 'reuben.walsh@example.org'),
(706, 'Reta Rogahn', '73088 Tillman Knoll Apt. 243', 'little.brendon@example.org'),
(707, 'Dr. Ollie Prosacco', '54621 Cummings Path Suite 918', 'maximillian.kling@example.org'),
(708, 'Guiseppe Abernathy', '1665 Ressie Plains Suite 597', 'keenan66@example.net'),
(709, 'Mr. Cortez Schulist III', '5193 Cali Corners', 'aweissnat@example.com'),
(710, 'Mrs. Arielle D\'Amore I', '42670 Huels Village', 'pwindler@example.org'),
(711, 'Dr. Fredrick Heidenreich', '7836 Caleb Extensions', 'labadie.frederick@example.com'),
(712, 'Kaitlin McLaughlin V', '83091 Sauer Mount Suite 781', 'ova.halvorson@example.com'),
(713, 'Rae Purdy', '879 Ortiz Orchard Apt. 048', 'sarina.hand@example.org'),
(714, 'Jeromy Wolf', '4759 Kris Mission', 'jdare@example.com'),
(715, 'Dr. Vida Cormier', '979 Jana Burg', 'bgoldner@example.net'),
(716, 'Dr. Jakayla Mertz', '1036 Karson Locks Apt. 254', 'bertha.effertz@example.org'),
(717, 'Prof. Afton Kuhic Sr.', '3205 Damon Prairie Suite 493', 'winston80@example.org'),
(718, 'Mr. Junius Cronin Sr.', '4294 Collier Ways Apt. 835', 'smitham.leif@example.com'),
(719, 'Adam Wyman', '29252 Boyer Extensions Suite 683', 'octavia.effertz@example.net'),
(720, 'Lawson Keebler', '896 Marvin Views Suite 318', 'haskell61@example.org'),
(721, 'Dandre Cormier', '6846 Sporer Path', 'mbrown@example.com'),
(722, 'Prof. Freeda Dickinson IV', '056 Simeon Fords', 'balistreri.marlene@example.net'),
(723, 'Nels Fahey', '93413 Sawayn Terrace Suite 203', 'cristal.durgan@example.org'),
(724, 'Hannah Emard', '73674 Kaela Ville', 'janie77@example.net'),
(725, 'Mr. Carmel Kilback', '473 Dina Garden Apt. 342', 'bogan.freida@example.net'),
(726, 'Stacy VonRueden', '28218 Ida Brooks Suite 486', 'waelchi.duane@example.org'),
(727, 'Ms. Margret Hoeger II', '67903 Roob Crest Suite 472', 'emmett44@example.com'),
(728, 'Ilene Becker', '37194 Gerhold Pass', 'umann@example.net'),
(729, 'Miss Ethyl Anderson Sr.', '675 Leopold Ramp', 'brooks.weissnat@example.com'),
(730, 'Trudie Williamson', '245 Smith Pine Apt. 728', 'meta22@example.org'),
(731, 'Dr. Raphael Lind', '474 Reba Throughway Suite 080', 'thomas63@example.com'),
(732, 'Eloise Farrell', '9605 Greenholt Village Apt. 846', 'qd\'amore@example.com'),
(733, 'Linnie Wilkinson DDS', '47379 Kyleigh Radial', 'anabel.gottlieb@example.org'),
(734, 'Cornelius Corwin', '202 Mayer Trail Suite 494', 'alysson21@example.net'),
(735, 'Dr. Eulalia Pouros', '366 Huels Walk Suite 323', 'monique24@example.net'),
(736, 'Karine Goldner', '235 Ankunding Villages', 'graham85@example.org'),
(737, 'Vinnie Haley', '37970 Kshlerin Mount', 'kreiger.caleb@example.net'),
(738, 'Arvid Nicolas I', '898 Wyman Alley', 'efren50@example.org'),
(739, 'Prof. Sabrina Langosh Jr.', '796 Hilll Villages Apt. 006', 'jcummings@example.org'),
(740, 'Mr. Douglas Hamill V', '873 Chadrick Vista', 'amara.rolfson@example.com'),
(741, 'Lexi Boehm', '63454 Morton Creek Apt. 129', 'marco.rice@example.org'),
(742, 'Nathaniel Maggio DDS', '907 Pfannerstill Ports Suite 999', 'wintheiser.josephine@example.net'),
(743, 'Creola Marquardt', '18283 Deshawn Plains Apt. 612', 'vhayes@example.org'),
(744, 'Laurine Monahan DDS', '92757 Larissa Mountains', 'd\'amore.kylee@example.org'),
(745, 'Bartholome Towne', '87028 Caroline Square', 'grover87@example.net'),
(746, 'Mrs. Jany Herzog Sr.', '742 Alta Meadows', 'nhowe@example.com'),
(747, 'Kaleb Green DVM', '74133 Rodriguez Estates', 'konopelski.eve@example.com'),
(748, 'Zack Johns', '5959 Margarita Underpass Suite 794', 'iwintheiser@example.net'),
(749, 'Golden Heathcote DDS', '4195 Odell Flats Suite 572', 'stiedemann.celine@example.net'),
(750, 'Aidan Konopelski', '71499 Gottlieb Expressway Suite 217', 'kitty.lemke@example.org'),
(751, 'Prof. Malinda Labadie III', '624 Drake Parkway Suite 375', 'kutch.nia@example.com'),
(752, 'Parker Stoltenberg', '371 Cormier Glen Apt. 239', 'bheathcote@example.com'),
(753, 'Gerson Anderson', '835 Santina Inlet', 'koch.shaniya@example.org'),
(754, 'Gracie Klein II', '769 Prohaska Burgs Suite 856', 'faustino.sporer@example.net'),
(755, 'Dr. Van Howell', '171 Cummerata Canyon Suite 201', 'macejkovic.gay@example.com'),
(756, 'Julian Will', '0576 Greenfelder Creek Apt. 938', 'tcorkery@example.net'),
(757, 'Halie Hettinger', '712 Schuppe Gateway Suite 205', 'tito.mann@example.com'),
(758, 'Winnifred Senger', '9510 Sven Mall', 'rasheed43@example.com'),
(759, 'Ms. Lue Kirlin', '053 Jude Landing Apt. 684', 'elizabeth.crist@example.net'),
(760, 'Cody Murazik IV', '214 Koepp Extension', 'twaelchi@example.net'),
(761, 'Dr. Hollis Ebert', '514 Bo Ford', 'kristy51@example.org'),
(762, 'Prof. Veda DuBuque II', '903 McCullough Mountains', 'cwelch@example.org'),
(763, 'Mr. Jessy Schulist Jr.', '255 Veda Gateway Apt. 412', 'deja.bradtke@example.org'),
(764, 'Prof. Eldridge Rogahn II', '190 Abbigail Course Suite 494', 'kling.ned@example.net'),
(765, 'Prof. Tavares Harvey II', '79303 Alexander Drive', 'luettgen.courtney@example.com'),
(766, 'Daisy Schuster', '834 Schmitt Forest', 'schiller.alyce@example.org'),
(767, 'Gilberto O\'Kon', '5514 Garnett Park Suite 746', 'daniella.berge@example.com'),
(768, 'Prof. Hillard Cummerata DVM', '362 Rosenbaum Mountain', 'breana.schaden@example.net'),
(769, 'Miss Eva Kutch', '4861 Russel Points', 'ziemann.eliezer@example.org'),
(770, 'Marianne Paucek', '0278 Cristal Divide', 'gritchie@example.com'),
(771, 'Christiana Grimes', '56166 Larkin Ridges Suite 778', 'lang.elian@example.com'),
(772, 'Carolyne Fritsch', '42618 Turner Lights Suite 242', 'dedrick.oberbrunner@example.com'),
(773, 'Mrs. Stacey Schowalter', '6955 Samantha Route', 'violet.lockman@example.org'),
(774, 'Prof. Sedrick Hoeger', '052 Aliya Overpass Apt. 171', 'fritz.rutherford@example.net'),
(775, 'Breanne Champlin', '7933 Janiya Shoals Suite 173', 'mraynor@example.net'),
(776, 'Prof. Eulah Rempel DDS', '3393 Lisette Oval', 'sbauch@example.com'),
(777, 'Miss Brisa Abbott', '2875 Caterina Avenue', 'camylle.veum@example.org'),
(778, 'Ms. Greta Leannon', '69712 Carey Street Suite 300', 'witting.freeda@example.net'),
(779, 'Merl Murphy', '5876 Xzavier Pine Apt. 284', 'mcclure.mitchell@example.com'),
(780, 'Geovany Frami', '6062 Rowe Road', 'gina.upton@example.net'),
(781, 'Electa Frami', '34694 Harvey Spring Apt. 325', 'kaylah36@example.org'),
(782, 'Maye Price', '28802 Schoen Plaza', 'buddy63@example.com'),
(783, 'Mrs. Dixie Rau III', '5511 Giovanni Circles Apt. 235', 'tara.mertz@example.net'),
(784, 'Shaina Homenick DDS', '348 Ada Island', 'cremin.ariel@example.com'),
(785, 'Veda O\'Reilly', '8268 Joany Way Apt. 058', 'emard.saul@example.org'),
(786, 'Kurt Bradtke', '1244 Stamm Estate', 'terrill.kessler@example.com'),
(787, 'Wilton Morissette', '722 Laury Loaf Suite 328', 'qkrajcik@example.org'),
(788, 'Dr. Aurelie Hettinger', '905 Ansley River', 'lowe.elsie@example.net'),
(789, 'Shayne Orn', '09514 Satterfield Ports', 'murphy.ryan@example.com'),
(790, 'Addie Schimmel', '58119 Alisha Course', 'gerald.denesik@example.net'),
(791, 'Marco Cronin', '38337 Jaylon Wall Apt. 857', 'rwisoky@example.net'),
(792, 'Cedrick Blick', '95254 Hahn Gateway', 'cameron13@example.org'),
(793, 'Juvenal Quitzon MD', '2530 Jacobs Circle Suite 933', 'strosin.julianne@example.org'),
(794, 'Prof. Dejuan Schmeler V', '886 Neoma Glens Apt. 194', 'moore.amelia@example.org'),
(795, 'Brady Klein V', '2865 Harber Inlet', 'goyette.heaven@example.org'),
(796, 'Leanne Lehner', '5806 Collins Mountains Suite 708', 'deshaun05@example.org'),
(797, 'Prof. Garett Boehm', '9227 Elna Loaf', 'stark.patience@example.com'),
(798, 'Brycen Thompson', '6297 Margarett Freeway Apt. 276', 'aditya03@example.com'),
(799, 'Miss Lue Moen I', '77437 Aidan Highway', 'brown.mcclure@example.net'),
(800, 'Ryann Lindgren', '4695 Cora Burgs Apt. 209', 'okulas@example.net'),
(801, 'Tamia Von', '1993 Paris Manors Apt. 299', 'lynch.hazel@example.org'),
(802, 'Spencer Hackett', '24890 Kulas Ports Suite 291', 'britney.windler@example.net'),
(803, 'Lonzo Terry', '40461 Goodwin Trail', 'isadore.block@example.com'),
(804, 'Moshe Nienow', '5777 Jeffrey Green', 'qsteuber@example.org'),
(805, 'Hudson Green DDS', '0121 Armstrong Ford Suite 363', 'kbernier@example.com'),
(806, 'Sheila Weber', '422 Lakin Way Apt. 136', 'lueilwitz.antonia@example.com'),
(807, 'Jermaine Heaney', '67045 Matilda Shoal', 'bergstrom.dana@example.org'),
(808, 'Nickolas Nitzsche', '3429 Josiane Ports Apt. 349', 'ro\'kon@example.org'),
(809, 'Prof. Llewellyn Koelpin III', '4195 Jacinto Pine Apt. 460', 'schaefer.nickolas@example.com'),
(810, 'Ms. Justine Gislason', '878 Romaguera Pines', 'dkonopelski@example.org'),
(811, 'Molly Greenholt', '56320 Diana Pass Apt. 433', 'icie.von@example.com'),
(812, 'Dr. Hettie Bogan', '353 Wisoky Inlet', 'geraldine02@example.net'),
(813, 'Barton Lueilwitz Sr.', '80941 Schultz Village', 'braeden.weissnat@example.com'),
(814, 'Josephine Bashirian DDS', '47562 Maye Terrace', 'trey.hessel@example.net'),
(815, 'Jovanny Purdy', '206 Beer View Apt. 589', 'magnus.rowe@example.org'),
(816, 'Breana Watsica', '3800 Murazik Village Suite 355', 'nicolas.skiles@example.net'),
(817, 'Mrs. Rosalinda Steuber DVM', '5131 Cassandre Hollow Apt. 172', 'kitty.abbott@example.net'),
(818, 'Leonard D\'Amore', '9859 Betty Locks Apt. 854', 'camille.kirlin@example.net'),
(819, 'Estrella Stiedemann DVM', '830 Bergnaum Terrace', 'o\'reilly.keaton@example.org'),
(820, 'Anastacio Stracke', '30499 Veronica Point', 'franz22@example.com'),
(821, 'Destiny Kassulke Jr.', '26107 Nayeli Shore', 'gvandervort@example.com'),
(822, 'Bradford Paucek', '606 Rowe Inlet', 'raheem89@example.net'),
(823, 'Mr. Frederic Lowe DVM', '1646 Lesch Park Apt. 193', 'eunice.hauck@example.org'),
(824, 'Jack Strosin', '658 Luciano Canyon', 'to\'hara@example.net'),
(825, 'Thalia Walsh', '952 Satterfield Estate', 'jessy.beer@example.com'),
(826, 'Candido Schamberger', '38246 Briana Oval', 'anissa.rohan@example.org'),
(827, 'Miss Bernita Veum IV', '677 Schroeder Vista Suite 506', 'mable.stehr@example.com'),
(828, 'Alayna Jakubowski', '3804 Ignatius Falls Apt. 359', 'akub@example.org'),
(829, 'Lloyd Towne', '9801 Zboncak Plaza', 'paucek.odell@example.org'),
(830, 'Mrs. Rubie Smith I', '62652 Frederick Ridges', 'madie.lang@example.org'),
(831, 'Lulu Wilkinson', '473 Robel River', 'marcella.jaskolski@example.org'),
(832, 'Beau Kuhlman', '2553 Cronin Valley', 'mhintz@example.org'),
(833, 'Ms. Alia Marquardt', '0476 Destiney Hollow Apt. 901', 'eladio.jacobi@example.org'),
(834, 'Candelario Tillman', '832 Smith Center Apt. 330', 'virgie.runolfsdottir@example.com'),
(835, 'Dr. Daisha Graham', '6555 Monahan Glen', 'oswaniawski@example.org'),
(836, 'Fay Baumbach', '40339 Kozey Station', 'junius.west@example.net'),
(837, 'Prof. Ocie Kovacek IV', '10490 Torphy Via Apt. 426', 'alfonso.jaskolski@example.net'),
(838, 'Lambert Carroll', '790 Bernadine Fields Suite 342', 'suzanne11@example.org'),
(839, 'Deshaun Mayert V', '43208 Lavern Grove', 'gosinski@example.net'),
(840, 'Oleta Conn', '759 Karolann Hill', 'lexus.o\'conner@example.net'),
(841, 'Dr. Earnest Mann', '1395 Jovany Trace Suite 378', 'wbeier@example.org'),
(842, 'Dion Murphy', '50809 Eladio Trail', 'dsipes@example.com'),
(843, 'Everette Moen', '1341 Kyleigh Mountains Apt. 462', 'janessa.treutel@example.net'),
(844, 'Dr. Corrine Oberbrunner', '69736 Michelle Row', 'dmurazik@example.net'),
(845, 'Mr. Juvenal Wuckert', '50039 Freddy Junctions', 'vgreenfelder@example.net'),
(846, 'Ronaldo Rosenbaum', '77103 Bethany Isle', 'aufderhar.prudence@example.com'),
(847, 'Westley Nitzsche', '580 Daugherty Harbors', 'vgoldner@example.org'),
(848, 'Zita Schaden', '87370 Warren Drives', 'flakin@example.org'),
(849, 'Dallas Cummings', '89427 Jaleel Mission Suite 015', 'nstokes@example.net'),
(850, 'Jaylan Ullrich II', '4024 Lynch Circle Suite 184', 'ariel46@example.com'),
(851, 'Mr. Ryleigh Parker', '35269 Schuster Cove Suite 920', 'pauline.yost@example.com'),
(852, 'Hubert Bednar', '4493 Wehner Creek Apt. 141', 'ceasar02@example.net'),
(853, 'Dr. Philip Kertzmann', '09693 Abernathy Courts Apt. 447', 'domenic66@example.net'),
(854, 'Willa Willms', '57922 Roob Springs Apt. 245', 'franecki.delta@example.org'),
(855, 'Lyric Block III', '5652 Blair Plaza', 'agustin44@example.org'),
(856, 'Mrs. Marlee Runolfsson V', '393 Kunze Ferry Suite 885', 'ken.erdman@example.com'),
(857, 'Prof. Stephania DuBuque', '454 Nickolas Extension', 'cydney80@example.net'),
(858, 'Margaret Doyle', '83123 Carroll Extensions', 'amir08@example.net'),
(859, 'Clarissa Dach', '233 Quentin Walks Suite 026', 'nader.roy@example.com'),
(860, 'Yolanda Armstrong', '0656 Walker Fords Apt. 971', 'marty60@example.net'),
(861, 'Miss Idell Hoeger MD', '76325 Hickle Station', 'dalton.boehm@example.net'),
(862, 'Noelia Brekke DDS', '415 Spinka Inlet', 'krista18@example.org'),
(863, 'Titus Davis', '486 Kuhlman Track Apt. 828', 'bo77@example.org'),
(864, 'Santina Monahan', '2865 Hessel Land Suite 660', 'leone25@example.org'),
(865, 'Emerald Rogahn', '214 Rowena Lock Suite 422', 'alda.ortiz@example.org'),
(866, 'Isidro Koss', '964 Nick Club Suite 863', 'dickinson.rylan@example.net'),
(867, 'Omari Gleichner', '7487 O\'Keefe Isle Apt. 792', 'white.gregoria@example.com'),
(868, 'Mrs. Lexi Haley MD', '26595 Daphney Lane Suite 883', 'hintz.wilfredo@example.com'),
(869, 'Dr. Erika Parisian Sr.', '2048 Alanna Stravenue Apt. 449', 'hgleason@example.com'),
(870, 'Karolann Keebler', '1440 Sipes Creek', 'hryan@example.org'),
(871, 'Prof. Saul Medhurst Sr.', '8016 Joanny Ranch Apt. 405', 'ashton62@example.com'),
(872, 'Emmanuelle Luettgen', '4798 Antoinette Passage', 'brakus.beatrice@example.org'),
(873, 'Dana Kiehn', '5526 Manuela Streets Apt. 846', 'amos42@example.net'),
(874, 'Jaydon Turner', '702 O\'Kon Points', 'ugoodwin@example.org'),
(875, 'Tyree Walsh', '467 Jalen Lake', 'dana.reinger@example.org'),
(876, 'Serenity Wehner', '41097 Esteban Ferry', 'gabriel.larson@example.org'),
(877, 'Dr. Hillard McLaughlin V', '788 Block Cliff Apt. 554', 'thilll@example.org'),
(878, 'Briana Hyatt', '463 Thiel Valley', 'runolfsdottir.cecilia@example.org'),
(879, 'Zola Weber', '28151 Vivian Route', 'lueilwitz.bo@example.org'),
(880, 'Mr. Bruce Herzog II', '78216 Cordelia Rapid Suite 755', 'emccullough@example.org'),
(881, 'Gerard Lynch', '31052 Delpha Mountains Apt. 555', 'rosenbaum.alysa@example.net'),
(882, 'Lora Haag MD', '85641 Collins Drive Apt. 614', 'marietta48@example.org'),
(883, 'Kevon Gottlieb', '9974 Quinten Lodge', 'waldo.johnston@example.com'),
(884, 'Gloria Douglas', '9697 Parker Lake Suite 522', 'elza.jacobson@example.org'),
(885, 'Elody Lemke V', '16673 Rosalind Extensions', 'jacobson.constantin@example.com'),
(886, 'Ms. Mia Beer', '796 Torey Fort', 'uriel15@example.com'),
(887, 'Maida Grant', '0833 Rowland Court', 'telly.botsford@example.com'),
(888, 'Willie Mann', '95131 Ruth Coves Suite 411', 'erich.hintz@example.org'),
(889, 'Rocio Ward', '6390 Cloyd Lake', 'uwalker@example.net'),
(890, 'Prof. Kristofer Bartoletti Sr.', '469 Elnora Fork Apt. 836', 'alford.kulas@example.org'),
(891, 'Archibald Deckow', '1955 Batz Crest Apt. 306', 'jconsidine@example.org'),
(892, 'Eddie Treutel', '930 Gabrielle Rest Apt. 380', 'eokuneva@example.net'),
(893, 'Prof. Korbin Runolfsson V', '265 Deonte Villages Suite 730', 'caitlyn16@example.org'),
(894, 'Mr. Carter Cassin IV', '0096 Hoppe Ford', 'abarton@example.com'),
(895, 'Orion Harris', '9255 Kuhn Knolls', 'erick.wehner@example.com'),
(896, 'John Von', '853 Feest Knolls', 'dena.windler@example.com'),
(897, 'Alia McCullough II', '228 Ollie Square', 'damion26@example.org'),
(898, 'Prof. Dillan Daniel III', '949 Botsford Summit', 'jmaggio@example.com'),
(899, 'Guiseppe Parker', '759 Gorczany Lock', 'leopold52@example.com'),
(900, 'Wyman Wunsch', '8518 Gaylord Mountains', 'madonna.rolfson@example.com'),
(901, 'Karolann Kub', '531 Koss Prairie Apt. 277', 'vonrueden.joe@example.net'),
(902, 'Dr. Milo Keeling Jr.', '545 Lamont Shore Apt. 052', 'odeckow@example.org'),
(903, 'Maci Gerlach', '9254 Josiane Village', 'ryan.borer@example.org'),
(904, 'Malika Smitham', '24904 Blick Creek Apt. 107', 'metz.abdul@example.org'),
(905, 'Dr. Gregg Goodwin', '53699 Damion Inlet Suite 303', 'ariane.strosin@example.com'),
(906, 'Mr. Terence Effertz', '247 Forrest Mountain Suite 270', 'sgaylord@example.org'),
(907, 'Lilla Luettgen', '4935 Merl Point', 'connor29@example.org'),
(908, 'Scottie Ullrich', '29561 Marquardt Spur Apt. 664', 'iorn@example.com'),
(909, 'Humberto Jacobs', '65624 Hyatt Streets', 'odooley@example.com'),
(910, 'Prof. Amy Oberbrunner MD', '215 Lubowitz Freeway', 'laurel39@example.net'),
(911, 'Sister Keebler DDS', '49415 Herbert Roads', 'rebert@example.net'),
(912, 'Lea Kohler', '604 Destiny Lodge Suite 902', 'emmet42@example.net'),
(913, 'Dr. Eleazar Orn', '007 Teresa Pine', 'mcdermott.aubrey@example.org'),
(914, 'Juwan Wolf', '2875 Wolff Wall', 'hhaley@example.net'),
(915, 'Jasper Lind', '566 Feest Court', 'lesly.rowe@example.com'),
(916, 'Trever Abshire', '9184 Rosa Hill', 'carter.sylvia@example.org'),
(917, 'Hank McClure DVM', '7990 Dare Parks', 'emilie79@example.org'),
(918, 'Alexandrine Mante', '7472 Guadalupe Points', 'era55@example.org'),
(919, 'Ara Nicolas', '73883 Shea Row Apt. 912', 'cale59@example.org'),
(920, 'Frida Leannon Sr.', '98563 Melissa Trafficway', 'roob.florence@example.net'),
(921, 'Prof. Flavie Herzog V', '0200 Legros Dam Apt. 220', 'fausto48@example.net'),
(922, 'Madaline Boehm', '72518 O\'Hara Way Suite 226', 'alexandria.barrows@example.org'),
(923, 'Krista Mills', '98771 Brenden Mission Apt. 765', 'lkutch@example.com'),
(924, 'Syble Greenholt', '782 Prohaska Estate', 'brandy67@example.com'),
(925, 'Myron Sawayn I', '015 Jayme Tunnel', 'christiansen.omer@example.org'),
(926, 'Prof. Kenton Howell', '5061 Kaley Courts', 'xhaag@example.org'),
(927, 'Janessa Kuphal I', '2784 Rohan Parks', 'xthiel@example.net'),
(928, 'Ms. Anabel Gorczany', '713 Erik Springs', 'botsford.nellie@example.net'),
(929, 'Paxton Dickinson', '623 Mortimer Trail', 'jdietrich@example.org'),
(930, 'Allene Turner II', '7889 Rosalinda Plaza Suite 085', 'reichert.alvena@example.org'),
(931, 'Dr. Darien Metz', '8219 McClure Shore Apt. 756', 'freida.walter@example.net'),
(932, 'Sage Bergstrom', '37347 Bettie Fort Suite 547', 'braun.cecelia@example.org'),
(933, 'Aracely Batz', '094 Lorenz Mountains', 'doyle.winston@example.org'),
(934, 'Jamal Brakus', '4176 Eliseo Loop', 'wmuller@example.net'),
(935, 'Dr. Adrien Hermann DDS', '6758 Hans Track', 'zzemlak@example.net'),
(936, 'Lamar Schimmel IV', '3494 Mante Fall', 'frank.keebler@example.org'),
(937, 'Dr. Rylan Deckow', '2505 Klein Point', 'champlin.sigrid@example.net'),
(938, 'Ms. Bianka Keeling Jr.', '450 Wisozk Bypass', 'jhills@example.com'),
(939, 'Norval Haag', '0193 Sylvia Key', 'adriana.swaniawski@example.com'),
(940, 'Boyd McDermott', '034 Rippin Gateway', 'zheathcote@example.net'),
(941, 'Hiram Stiedemann', '8220 Frami Springs Suite 387', 'sonya.kunde@example.org'),
(942, 'Dr. Chasity Welch', '9769 Amos Oval', 'vena.wiza@example.com'),
(943, 'Pattie Kirlin', '615 Heller Wells', 'rory41@example.net'),
(944, 'Nikita Purdy', '5852 Destini Unions Suite 174', 'rossie.shanahan@example.com'),
(945, 'Caden Marquardt', '72548 Marley Extension Apt. 272', 'charity49@example.com'),
(946, 'Vernie Braun', '99122 Pouros Shoals Apt. 075', 'edd.quitzon@example.net'),
(947, 'Hipolito Nienow I', '479 Dooley Row', 'bo\'hara@example.org'),
(948, 'Prof. Kaitlin Schimmel', '39710 Wehner Pine Apt. 056', 'tamia78@example.org'),
(949, 'Yasmin Schamberger III', '942 Kianna Branch Suite 420', 'pcruickshank@example.org'),
(950, 'Cruz Hane', '431 Pagac Light', 'jon12@example.com'),
(951, 'Braulio Satterfield', '5246 Wehner Inlet Apt. 559', 'laney.kerluke@example.com'),
(952, 'Jeanie Walker', '69988 Smitham Harbor', 'mccullough.sierra@example.org'),
(953, 'Mr. Alvah Kessler', '867 Bartoletti Plains', 'vicenta.nolan@example.com'),
(954, 'Philip Johnston Jr.', '0901 Haley Green Apt. 130', 'serenity58@example.net'),
(955, 'Elissa Carroll', '5373 Kennith Points', 'rempel.nat@example.net'),
(956, 'Jace King', '570 Jast Plaza', 'demond.smith@example.com'),
(957, 'Dariana Volkman', '668 Roman Forks', 'abigale.wintheiser@example.net'),
(958, 'Ayana Huel', '392 Giovanni Union', 'ywatsica@example.org'),
(959, 'Miss Alexandrea Torphy', '2538 Kub Fort Suite 403', 'lily.berge@example.net'),
(960, 'Austin Schroeder', '194 Kulas Summit', 'gleichner.brody@example.net'),
(961, 'Esmeralda Hegmann', '4158 Bergnaum Forge Apt. 827', 'makenna.zieme@example.com'),
(962, 'Alize Johnson', '866 Lindsay Village Suite 338', 'o\'reilly.dillon@example.org'),
(963, 'Selmer Hirthe', '396 Maud Inlet', 'zelda87@example.com'),
(964, 'Dr. Bette Kertzmann V', '507 Nestor Trail Suite 646', 'murphy.elvie@example.org'),
(965, 'Karolann Marquardt II', '837 Otilia Village Suite 729', 'spinka.cristobal@example.net'),
(966, 'Mrs. Anya Botsford', '61770 Reinger Dam Apt. 838', 'satterfield.pasquale@example.com'),
(967, 'Caroline Hand', '927 Smitham Fords', 'chelsie40@example.com'),
(968, 'Karolann Paucek V', '408 Lambert Forge', 'kailyn.ullrich@example.org'),
(969, 'Prof. Josie Dooley', '826 Candido Highway', 'yfay@example.com'),
(970, 'Prof. Kathlyn Hahn MD', '7746 Connelly Oval', 'stephon56@example.net'),
(971, 'Russell Gorczany', '7834 Jarret Green', 'rod95@example.com'),
(972, 'Prof. Rollin Langosh IV', '588 Laurel Squares', 'o\'reilly.whitney@example.net'),
(973, 'Keyon Tromp', '60738 Yadira Divide', 'jean.klein@example.com'),
(974, 'Carolina Corwin', '8722 Lenore Street Suite 698', 'braeden83@example.net'),
(975, 'Harold Gaylord', '4915 Colleen Meadow', 'prohaska.jacey@example.com'),
(976, 'Guillermo Schuster', '782 Armand Forest', 'fausto.corkery@example.net'),
(977, 'Dr. Bettye Heller I', '3349 Craig Station Apt. 635', 'vernon.koss@example.org'),
(978, 'Neha Barton', '561 Harris Summit Apt. 136', 'franco03@example.org'),
(979, 'Arnold Bergstrom', '1822 Tanner Pike', 'botsford.dawson@example.net'),
(980, 'Grover Champlin', '61363 Brekke Junction Suite 632', 'oberbrunner.yasmeen@example.com'),
(981, 'Prof. Kendrick Herman Jr.', '1363 Penelope Tunnel Apt. 023', 'mhowell@example.net'),
(982, 'Dangelo Eichmann', '01933 Fahey View Apt. 372', 'godfrey.orn@example.net'),
(983, 'Dion Lehner', '29781 Lucile Lane', 'jaime37@example.net'),
(984, 'Mrs. Kaylah Fay', '2516 Karli Club', 'kassulke.rozella@example.com'),
(985, 'Lucious Rosenbaum', '9492 Elroy Keys Suite 361', 'demario75@example.org'),
(986, 'Bonnie Larson V', '20647 Smitham Village', 'sadie.nolan@example.com'),
(987, 'Cornell Littel', '988 Ludie Crescent Suite 914', 'luisa19@example.net'),
(988, 'Rey Yost', '23012 Jaskolski Corners', 'ztowne@example.org'),
(989, 'Lorenz Tillman', '791 Gaylord Canyon Apt. 437', 'tyshawn06@example.org'),
(990, 'Royce Raynor I', '63950 Hilton Fork', 'kody.schulist@example.net'),
(991, 'Lamont Willms', '8378 Goldner Spring Suite 593', 'kessler.cade@example.net'),
(992, 'Dr. Murray Feil PhD', '0978 Eva Mills', 'seichmann@example.com'),
(993, 'Dr. Annabel Deckow Sr.', '47371 Goodwin Freeway', 'verner43@example.org'),
(994, 'Jaeden Crona', '7059 Benjamin Cape', 'upaucek@example.org'),
(995, 'Ben Will I', '336 Gaylord Groves Suite 465', 'erik39@example.com'),
(996, 'Wanda Wisoky', '94044 Rosemarie Spring Suite 862', 'ralph16@example.com'),
(997, 'Ms. Mylene Franecki', '9097 Senger Plaza', 'rau.emerson@example.org'),
(998, 'Barbara Gutmann', '369 Gaylord Pine Apt. 351', 'herminia.champlin@example.com'),
(999, 'Alexandrea Crooks', '244 Brianne Pines', 'ward.gabriel@example.net'),
(1000, 'Polly Willms', '1980 Wuckert Mews', 'hlemke@example.org');

-- --------------------------------------------------------

--
-- Table structure for table `renstra`
--

CREATE TABLE `renstra` (
  `id` int(11) NOT NULL,
  `file` varchar(128) NOT NULL,
  `date_created` int(11) NOT NULL
) ENGINE=InnoDB DEFAULT CHARSET=latin1;

--
-- Dumping data for table `renstra`
--

INSERT INTO `renstra` (`id`, `file`, `date_created`) VALUES
(1, '1.pdf', 1566036154);

-- --------------------------------------------------------

--
-- Table structure for table `struktur`
--

CREATE TABLE `struktur` (
  `id` int(11) NOT NULL,
  `file` varchar(128) NOT NULL,
  `date_created` int(11) NOT NULL
) ENGINE=InnoDB DEFAULT CHARSET=latin1;

--
-- Dumping data for table `struktur`
--

INSERT INTO `struktur` (`id`, `file`, `date_created`) VALUES
(1, 'balapanlari.png', 1566035442),
(2, 'basdatlanjjut.PNG', 1568217803),
(3, 'WhatsApp_Image_2019-09-20_at_09_37_33.jpeg', 1568949996);

-- --------------------------------------------------------

--
-- Table structure for table `tabel_log`
--

CREATE TABLE `tabel_log` (
  `id` int(11) NOT NULL,
  `log_time` timestamp NOT NULL DEFAULT CURRENT_TIMESTAMP ON UPDATE CURRENT_TIMESTAMP,
  `log_user` varchar(255) NOT NULL,
  `log_tipe` int(11) NOT NULL,
  `log_desc` varchar(255) NOT NULL
) ENGINE=InnoDB DEFAULT CHARSET=latin1;

--
-- Dumping data for table `tabel_log`
--

INSERT INTO `tabel_log` (`id`, `log_time`, `log_user`, `log_tipe`, `log_desc`) VALUES
(1, '2019-08-19 10:08:23', 'tikp2.e24m.nawawi@gmail.com', 2, 'Menambah data Lakip  '),
(2, '2019-08-20 08:48:34', 'tikp2.e24m.nawawi@gmail.com', 4, 'Menghapus Agenda'),
(3, '2019-08-20 08:49:53', 'tikp2.e24m.nawawi@gmail.com', 4, 'Menghapus Agenda'),
(4, '2019-08-20 08:54:17', 'tikp2.e24m.nawawi@gmail.com', 4, 'Menghapus Lakip'),
(5, '2019-08-20 08:54:27', 'tikp2.e24m.nawawi@gmail.com', 4, 'Menghapus Lakip'),
(6, '2019-08-20 08:54:28', 'tikp2.e24m.nawawi@gmail.com', 4, 'Menghapus Lakip'),
(7, '2019-08-20 09:01:48', 'tikp2.e24m.nawawi@gmail.com', 4, 'Menghapus Artikel'),
(26, '2019-08-20 11:34:02', 'tikp2.e24m.nawawi@gmail.com', 3, 'Mengedit Agenda'),
(30, '2019-08-20 12:19:49', 'tikp2.e24m.nawawi@gmail.com', 3, 'Mengedit Artikel'),
(31, '2019-08-20 12:20:24', 'tikp2.e24m.nawawi@gmail.com', 3, 'Mengedit Artikel'),
(32, '2019-08-20 12:20:32', 'tikp2.e24m.nawawi@gmail.com', 3, 'Mengedit Artikel'),
(33, '2019-09-20 01:51:13', 'tikp2.e24m.nawawi@gmail.com', 4, 'Menghapus Gallery');

-- --------------------------------------------------------

--
-- Table structure for table `user`
--

CREATE TABLE `user` (
  `id` int(11) NOT NULL,
  `name` varchar(128) NOT NULL,
  `email` varchar(128) NOT NULL,
  `image` varchar(128) NOT NULL,
  `profil` text NOT NULL,
  `password` varchar(256) NOT NULL,
  `role_id` int(11) NOT NULL,
  `is_active` int(1) NOT NULL,
  `date_created` int(11) NOT NULL
) ENGINE=InnoDB DEFAULT CHARSET=latin1;

--
-- Dumping data for table `user`
--

INSERT INTO `user` (`id`, `name`, `email`, `image`, `profil`, `password`, `role_id`, `is_active`, `date_created`) VALUES
(3, 'Tentara Republik Indonesia', 'tikp2.e24m.nawawi@gmail.com', 'orang2.png', 'Tentara Republik Indonesia', '$2y$10$orcRcTavOvbJBv2/bOUKRezmpk9hR/10pzPTjqhkuKMTvkcwnfhki', 1, 1, 1552395095),
(4, 'Kelurahan Pejagan', 'setyoawan8@gmail.com', 'orang1.png', 'Kelurahan Pejagan', '$2y$10$0TfhXom4/g35ice0E2Xr0Oa.crwsxqKZO5cvDqyXBEFR7OsyeVM2y', 2, 1, 1552559618),
(5, 'Kelurahan Demangan', 'nawawigaming@gmail.com', 'default.jpg', 'Kelurahan Demangan', '$2y$10$QQTvlw8dKc/oW8NDNhXNAOSnWHc0KzsRk..pauAVt9PGPwYNmYs9W', 2, 1, 1566570719),
(6, 'Kecamatan Bangkalan', 'kecamatanbangkalan@gmail.com', 'default.jpg', '-', '$2y$10$dO5QphKk1Z6Me/qPiwn9z.VYVDx46wQDyZfHFDw8Pab0arlCSk6h.', 1, 1, 1568391657),
(7, 'Kelurahan Demangan', 'kelurahandemangan69115@gmail.com', 'default.jpg', '-', '$2y$10$NSS/2Ckzt8uVWP21.gVvGu3TWtHRap/YltvK5wIVot4knfAf0Xa/G', 2, 1, 1568394544),
(8, 'Kelurahan Pejagan', 'kelurahanpejagan69112@gmail.com', 'default.jpg', '-', '$2y$10$LGuK4EPjTKO5IIrYhyJ1YeGd8FmPZfnsoMNe.NcEFn4ICPICca3a2', 2, 1, 1568551350),
(9, 'Kelurahan Pejagan', 'kelurahanpejagan69112@gmail.com', 'default.jpg', '-', '$2y$10$ObyJzBluXQynAoxMutIlrOLm.NrD9QfLWyHIzuzGqvJlGmIUEoD.m', 2, 1, 1568551350),
(10, 'Kelurahan Kraton', 'kelurahankraton69119@gmail.com', 'default.jpg', '-', '$2y$10$5KEKIma4OHp60tWP6wO.Hu00PrENqWBr6jBW/uEe7KcGMDk.ybluO', 2, 1, 1568551385),
(11, 'Kelurahan Pangeranan', 'kelurahanpangeranan69115@gmail.com', 'default.jpg', '-', '$2y$10$h3PkbtbeEdU5Xzz.H.fJPebSZ8XChTOWVSGqi6wJk1ukHVavv8k/a', 2, 1, 1568551442),
(12, 'Kelurahan Kemayoran', 'kelurahankemayoran69116@gmail.com', 'default.jpg', '-', '$2y$10$HwORZ3iw1LRMkby5.e93weAfmA0PPWtyrksStFkALHFU8oJi1Ds0C', 2, 1, 1568551708),
(13, 'Kelurahan Mlajah', 'kelurahanmlajah69116@gmail.com', 'default.jpg', '-', '$2y$10$QX1iXTG2lxyAnPYBGsNsluU4TIZlV8HXV21nnmoAMzbUDVhdBDzFO', 2, 1, 1568551761),
(14, 'Koramil Bangkalan', 'koramilbangkalan@gmail.com', 'default.jpg', '-', '$2y$10$RYn2QomMQpWCNXefQZs4h.lIuJx3TYf2v0.HWAsON6LHT.Z7qe1py', 1, 1, 1568917573),
(15, 'Polsek Bangkalan', 'polsekbangkalan@gmail.com', 'default.jpg', '-', '$2y$10$9hZtXBr0H1Kr4QhbEyEUZ.lEwhJa0fvSZM5aMHVXw8YCBYaWONdIm', 1, 1, 1568917743);

-- --------------------------------------------------------

--
-- Table structure for table `user_access_menu`
--

CREATE TABLE `user_access_menu` (
  `id` int(11) NOT NULL,
  `role_id` int(11) NOT NULL,
  `menu_id` int(11) NOT NULL
) ENGINE=InnoDB DEFAULT CHARSET=latin1;

--
-- Dumping data for table `user_access_menu`
--

INSERT INTO `user_access_menu` (`id`, `role_id`, `menu_id`) VALUES
(1, 1, 1),
(2, 1, 2),
(8, 1, 4),
(9, 1, 5),
(10, 2, 3),
(11, 2, 4);

-- --------------------------------------------------------

--
-- Table structure for table `user_menu`
--

CREATE TABLE `user_menu` (
  `id` int(11) NOT NULL,
  `menu` varchar(128) NOT NULL
) ENGINE=InnoDB DEFAULT CHARSET=latin1;

--
-- Dumping data for table `user_menu`
--

INSERT INTO `user_menu` (`id`, `menu`) VALUES
(1, 'Admin'),
(2, 'Action'),
(3, 'Access'),
(4, 'User'),
(5, 'Menu');

-- --------------------------------------------------------

--
-- Table structure for table `user_role`
--

CREATE TABLE `user_role` (
  `id` int(11) NOT NULL,
  `role` varchar(128) NOT NULL
) ENGINE=InnoDB DEFAULT CHARSET=latin1;

--
-- Dumping data for table `user_role`
--

INSERT INTO `user_role` (`id`, `role`) VALUES
(1, 'Administrator'),
(2, 'Member');

-- --------------------------------------------------------

--
-- Table structure for table `user_sub_menu`
--

CREATE TABLE `user_sub_menu` (
  `id` int(11) NOT NULL,
  `menu_id` int(11) NOT NULL,
  `title` varchar(128) NOT NULL,
  `url` varchar(128) NOT NULL,
  `icon` varchar(128) NOT NULL,
  `is_active` int(1) NOT NULL
) ENGINE=InnoDB DEFAULT CHARSET=latin1;

--
-- Dumping data for table `user_sub_menu`
--

INSERT INTO `user_sub_menu` (`id`, `menu_id`, `title`, `url`, `icon`, `is_active`) VALUES
(1, 1, 'Dashboard', 'admin', 'fas fa-fw fa-tachometer-alt', 1),
(2, 4, 'Data', 'user/data', 'fas fa-fw fa-clipboard-list', 1),
(3, 4, 'My Profile', 'user', 'fas fa-fw fa-user', 1),
(4, 4, 'Edit Profile', 'user/edit', 'fas fa-fw fa-user-edit', 1),
(5, 5, 'Menu Management', 'menu', 'fas fa-fw fa-folder', 1),
(6, 5, 'Submenu Management', 'menu/submenu', 'far fa-fw fa-folder-open', 1),
(7, 1, 'Role', 'admin/role', 'fas fa-fw fa-user-tie', 1),
(8, 4, 'Change Password', 'user/changepassword', 'fas fa-fw fa-key', 1),
(10, 2, 'Artikel', 'action/artikel', 'fas fa-fw fa-pencil-alt', 1),
(11, 2, 'Agenda', 'action/agenda', 'fas fa-fw fa-pen-alt', 1),
(12, 2, 'Struktur Organisasi', 'action/struktur', 'fas fa-fw fa-sitemap', 1),
(13, 2, 'Gallery', 'action/gallery', 'fas fa-fw fa-images', 1),
(14, 2, 'Lakip & Renstra', 'action/lakiprenstra', 'far fa-fw fa-file-pdf', 1),
(15, 2, 'Videos', 'action/videos', 'fab fa-fw fa-youtube', 1);

-- --------------------------------------------------------

--
-- Table structure for table `user_token`
--

CREATE TABLE `user_token` (
  `id` int(11) NOT NULL,
  `email` varchar(128) NOT NULL,
  `token` varchar(128) NOT NULL,
  `date_created` int(11) NOT NULL
) ENGINE=InnoDB DEFAULT CHARSET=latin1;

--
-- Dumping data for table `user_token`
--

INSERT INTO `user_token` (`id`, `email`, `token`, `date_created`) VALUES
(2, 'tata.ita88@gmail.com', '6TGPVeveYNX+rbiKEDLRJ0Yx8cbgI/dMyiU0SwsITqM=', 1554363798),
(3, 'kecamatanbangkalan@gmail.com', 'zI8lxMRpGSWAQyrDHj4afqOFuzMwwbvCnAQfdppfOKo=', 1568391657),
(4, 'kelurahandemangan69115@gmail.com', 'sza6hzaW2NA9d1EBtf9oTMxK4nNQtbrZ/wa56tP6VZI=', 1568394544),
(5, 'kelurahanpejagan69112@gmail.com', 'Z97j4Lm3cmS9WZzvAgYM3VbTRzyvKpWZQ7Jj061l5Ro=', 1568551350),
(6, 'kelurahanpejagan69112@gmail.com', 'grhSIchBD3GUz0dhmDFPjZW0lv14lkpjRp9tOd38RRQ=', 1568551350),
(7, 'kelurahankraton69119@gmail.com', 'iXd9jSkxdxllDSAdOS4Gb1bs08IDeCVTyI92mjHKA/M=', 1568551385),
(8, 'kelurahanpangeranan69115@gmail.com', 'QJPR/+jkUMaQgOfZ77CDbVCSx51jNvjN+lrzLLVBMzE=', 1568551442),
(9, 'kelurahankemayoran69116@gmail.com', 'pKzQZJf28mACnezJcPsmGEFLM5Mw/vzS5PfVL/pFMws=', 1568551708),
(10, 'kelurahanmlajah69116@gmail.com', 'LfVecKXC4scUlSeY/eZ0vfFlz1u/sYan+DST00LE6Yo=', 1568551761),
(11, 'koramilbangkalan@gmail.com', '/heYwEGLwTqKxSZU02/F16IJzYIwQv64whO/ABFnhMM=', 1568917573),
(12, 'polsekbangkalan@gmail.com', 'r1qVGFvXZukVXkAWQ67U/SyCor4EWR6g5k72B/XGcOM=', 1568917743),
(13, 'kecamatanbangkalan@gmail.com', 'f5LnToMMGeIDQONhTyAqVzng7SCaGDWprRzNd6jcEYg=', 1568947798);

-- --------------------------------------------------------

--
-- Table structure for table `videos`
--

CREATE TABLE `videos` (
  `id` int(11) NOT NULL,
  `uploader` varchar(128) NOT NULL,
  `link` text NOT NULL,
  `date_post` int(11) NOT NULL
) ENGINE=InnoDB DEFAULT CHARSET=latin1;

--
-- Dumping data for table `videos`
--

INSERT INTO `videos` (`id`, `uploader`, `link`, `date_post`) VALUES
(1, 'nawawigaming@gmail.com', 'https://www.youtube.com/embed/U19iArg7-EQ', 0);

--
-- Indexes for dumped tables
--

--
-- Indexes for table `agenda`
--
ALTER TABLE `agenda`
  ADD PRIMARY KEY (`id`);

--
-- Indexes for table `data_daerah`
--
ALTER TABLE `data_daerah`
  ADD PRIMARY KEY (`id`);

--
-- Indexes for table `gallery`
--
ALTER TABLE `gallery`
  ADD PRIMARY KEY (`id`);

--
-- Indexes for table `lakip`
--
ALTER TABLE `lakip`
  ADD PRIMARY KEY (`id`);

--
-- Indexes for table `login_token`
--
ALTER TABLE `login_token`
  ADD PRIMARY KEY (`id`);

--
-- Indexes for table `news`
--
ALTER TABLE `news`
  ADD PRIMARY KEY (`id`);

--
-- Indexes for table `peoples`
--
ALTER TABLE `peoples`
  ADD PRIMARY KEY (`id`),
  ADD KEY `email` (`email`);

--
-- Indexes for table `renstra`
--
ALTER TABLE `renstra`
  ADD PRIMARY KEY (`id`);

--
-- Indexes for table `struktur`
--
ALTER TABLE `struktur`
  ADD PRIMARY KEY (`id`);

--
-- Indexes for table `tabel_log`
--
ALTER TABLE `tabel_log`
  ADD PRIMARY KEY (`id`);

--
-- Indexes for table `user`
--
ALTER TABLE `user`
  ADD PRIMARY KEY (`id`);

--
-- Indexes for table `user_access_menu`
--
ALTER TABLE `user_access_menu`
  ADD PRIMARY KEY (`id`);

--
-- Indexes for table `user_menu`
--
ALTER TABLE `user_menu`
  ADD PRIMARY KEY (`id`);

--
-- Indexes for table `user_role`
--
ALTER TABLE `user_role`
  ADD PRIMARY KEY (`id`);

--
-- Indexes for table `user_sub_menu`
--
ALTER TABLE `user_sub_menu`
  ADD PRIMARY KEY (`id`);

--
-- Indexes for table `user_token`
--
ALTER TABLE `user_token`
  ADD PRIMARY KEY (`id`);

--
-- Indexes for table `videos`
--
ALTER TABLE `videos`
  ADD PRIMARY KEY (`id`);

--
-- AUTO_INCREMENT for dumped tables
--

--
-- AUTO_INCREMENT for table `agenda`
--
ALTER TABLE `agenda`
  MODIFY `id` int(11) NOT NULL AUTO_INCREMENT, AUTO_INCREMENT=5;

--
-- AUTO_INCREMENT for table `data_daerah`
--
ALTER TABLE `data_daerah`
  MODIFY `id` int(11) NOT NULL AUTO_INCREMENT, AUTO_INCREMENT=14;

--
-- AUTO_INCREMENT for table `gallery`
--
ALTER TABLE `gallery`
  MODIFY `id` int(11) NOT NULL AUTO_INCREMENT;

--
-- AUTO_INCREMENT for table `lakip`
--
ALTER TABLE `lakip`
  MODIFY `id` int(11) NOT NULL AUTO_INCREMENT, AUTO_INCREMENT=2;

--
-- AUTO_INCREMENT for table `login_token`
--
ALTER TABLE `login_token`
  MODIFY `id` int(11) NOT NULL AUTO_INCREMENT, AUTO_INCREMENT=13;

--
-- AUTO_INCREMENT for table `news`
--
ALTER TABLE `news`
  MODIFY `id` int(11) NOT NULL AUTO_INCREMENT, AUTO_INCREMENT=5;

--
-- AUTO_INCREMENT for table `peoples`
--
ALTER TABLE `peoples`
  MODIFY `id` int(9) UNSIGNED NOT NULL AUTO_INCREMENT, AUTO_INCREMENT=1001;

--
-- AUTO_INCREMENT for table `renstra`
--
ALTER TABLE `renstra`
  MODIFY `id` int(11) NOT NULL AUTO_INCREMENT, AUTO_INCREMENT=2;

--
-- AUTO_INCREMENT for table `struktur`
--
ALTER TABLE `struktur`
  MODIFY `id` int(11) NOT NULL AUTO_INCREMENT, AUTO_INCREMENT=4;

--
-- AUTO_INCREMENT for table `tabel_log`
--
ALTER TABLE `tabel_log`
  MODIFY `id` int(11) NOT NULL AUTO_INCREMENT, AUTO_INCREMENT=34;

--
-- AUTO_INCREMENT for table `user`
--
ALTER TABLE `user`
  MODIFY `id` int(11) NOT NULL AUTO_INCREMENT, AUTO_INCREMENT=16;

--
-- AUTO_INCREMENT for table `user_access_menu`
--
ALTER TABLE `user_access_menu`
  MODIFY `id` int(11) NOT NULL AUTO_INCREMENT, AUTO_INCREMENT=12;

--
-- AUTO_INCREMENT for table `user_menu`
--
ALTER TABLE `user_menu`
  MODIFY `id` int(11) NOT NULL AUTO_INCREMENT, AUTO_INCREMENT=6;

--
-- AUTO_INCREMENT for table `user_role`
--
ALTER TABLE `user_role`
  MODIFY `id` int(11) NOT NULL AUTO_INCREMENT, AUTO_INCREMENT=3;

--
-- AUTO_INCREMENT for table `user_sub_menu`
--
ALTER TABLE `user_sub_menu`
  MODIFY `id` int(11) NOT NULL AUTO_INCREMENT, AUTO_INCREMENT=16;

--
-- AUTO_INCREMENT for table `user_token`
--
ALTER TABLE `user_token`
  MODIFY `id` int(11) NOT NULL AUTO_INCREMENT, AUTO_INCREMENT=14;

--
-- AUTO_INCREMENT for table `videos`
--
ALTER TABLE `videos`
  MODIFY `id` int(11) NOT NULL AUTO_INCREMENT, AUTO_INCREMENT=2;
